"File1_4490","File2_7629","0.85175"
"File1_5425","File2_18808","0.9477500000000001"
"File1_5019","File2_15514","0.7240000000000001"
"File1_5869","File2_22732","0.9332221805185866"
"File1_4177","File2_3415","0.9376018752085576"
"File1_4075","File2_1984","0.8732122131055134"
"File1_4257","File2_4638","0.9500000000000001"
"File1_5675","File2_21050","0.9485"
"File1_4957","File2_14576","0.9500000000000001"
"File1_5652","File2_20838","0.9500000000000001"
"File1_4228","File2_4173","0.9492430842537226"
"File1_4176","File2_3413","0.9495240850265628"
"File1_5424","File2_18808","0.7478429293458415"
"File1_3944","File2_0714","0.7766581174822561"
"File1_4457","File2_7004","0.932456997497498"
"File1_5472","File2_19106","0.9193328304401326"
"File1_3945","File2_0715","0.8430217123229766"
"File1_4070","File2_1942","0.8169596914685932"
"File1_4884","File2_13553","0.9500000000000001"
"File1_5047","File2_15805","0.9500000000000001"
"File1_5374","File2_18400","0.9500000000000001"
"File1_4457","File2_7005","0.9496462836443403"
"File1_4019","File2_1378","0.7283333333333333"
"File1_4039","File2_1571","0.915272993326286"
"File1_4701","File2_10446","0.9500000000000001"
"File1_5002","File2_15193","0.9500000000000001"
"File1_5178","File2_16718","0.9500000000000001"
"File1_4512","File2_7953","0.923"
"File1_5727","File2_21422","0.9380000000000001"
"File1_4834","File2_12602","0.94925"
"File1_4956","File2_14573","0.7195000000000001"
"File1_3901","File2_0357","0.8261795913264539"
"File1_4229","File2_4174","0.8537917208080875"
"File1_4019","File2_1379","0.7283333333333333"
"File1_4083","File2_2075","0.8566275636127882"
"File1_4598","File2_9238","0.85325"
"File1_4089","File2_2123","0.7415915424188482"
"File1_5323","File2_17893","0.94625"
"File1_4713","File2_10543","0.9477500000000001"
"File1_3900","File2_0356","0.7427729684399804"
"File1_4561","File2_8675","0.926"
"File1_4956","File2_14574","0.9500000000000001"
"File1_4875","File2_13459","0.9500000000000001"
"File1_5056","File2_15906","0.9500000000000001"
"File1_4207","File2_3916","0.9490489716373075"
"File1_4686","File2_10291","0.9237500000000001"
"File1_3975","File2_0940","0.920795722301269"
"File1_3994","File2_1063","0.7942918041105761"
"File1_4997","File2_15117","0.7946378447011107"
"File1_4426","File2_6656","0.9038725195199098"
"File1_4003","File2_1169","0.8843932254130958"
"File1_5636","File2_20596","0.7649166666666667"
"File1_5617","File2_20321","0.9400946845500259"
"File1_4512","File2_7955","0.7186666666666667"
"File1_5777","File2_21907","0.7825"
"File1_4950","File2_14528","0.9500000000000001"
"File1_5333","File2_17990","0.925003782026238"
"File1_5601","File2_20168","0.9500000000000001"
"File1_4381","File2_6080","0.7293333333333333"
"File1_3976","File2_0946","0.7598068219828196"
"File1_4977","File2_14854","0.9500000000000001"
"File1_4223","File2_4096","0.9500000000000001"
"File1_5758","File2_21766","0.9492499999999999"
"File1_5488","File2_19202","0.7084411010094184"
"File1_4566","File2_8711","0.9237500000000001"
"File1_4186","File2_3542","0.9500000000000001"
"File1_4903","File2_13881","0.9500000000000001"
"File1_5778","File2_21909","0.9498819756600639"
"File1_4426","File2_6657","0.89"
"File1_5636","File2_20597","0.7405"
"File1_5941","File2_23404","0.8128268002781519"
"File1_4824","File2_12413","0.9477500000000001"
"File1_5345","File2_18112","0.9500000000000001"
"File1_4825","File2_12414","0.917"
"File1_5900","File2_23089","0.9499116632864298"
"File1_4349","File2_5660","0.902"
"File1_4919","File2_14045","0.9470000000000001"
"File1_4586","File2_9118","0.9056622268364601"
"File1_3878","File2_0063","0.929685915537361"
"File1_4418","File2_6539","0.8885"
"File1_5404","File2_18616","0.9500000000000001"
"File1_5714","File2_21320","0.9380000000000001"
"File1_4381","File2_6081","0.9470000000000001"
"File1_4334","File2_5582","0.9500000000000001"
"File1_4223","File2_4097","0.7745693938661149"
"File1_4776","File2_11590","0.94925"
"File1_5479","File2_19140","0.9500000000000001"
"File1_5830","File2_22345","0.9086974990651158"
"File1_5145","File2_16506","0.9500000000000001"
"File1_4438","File2_6779","0.8510713899067587"
"File1_4099","File2_2242","0.8632199494677665"
"File1_3918","File2_0478","0.7097238118594713"
"File1_4666","File2_10056","0.86225"
"File1_4888","File2_13640","0.9500000000000001"
"File1_4239","File2_4294","0.9500000000000001"
"File1_4363","File2_5827","0.94925"
"File1_5549","File2_19706","0.7553333333333334"
"File1_5788","File2_22021","0.937325"
"File1_5830","File2_22346","0.7032639005281514"
"File1_4185","File2_3540","0.9500000000000001"
"File1_4321","File2_5375","0.8825000000000001"
"File1_4160","File2_3211","0.9382364955775339"
"File1_4558","File2_8639","0.92225"
"File1_5809","File2_22170","0.9332696682787834"
"File1_5557","File2_19802","0.9500000000000001"
"File1_4485","File2_7497","0.9500000000000001"
"File1_4320","File2_5370","0.935"
"File1_4084","File2_2078","0.7818636536779796"
"File1_5859","File2_22639","0.933214487020129"
"File1_4474","File2_7244","0.9500000000000001"
"File1_5033","File2_15707","0.9492500000000001"
"File1_4609","File2_9442","0.9364999999999999"
"File1_4019","File2_1376","0.8100574369913203"
"File1_4899","File2_13786","0.9500000000000001"
"File1_4147","File2_3009","0.9412264741388526"
"File1_4363","File2_5828","0.7763333333333333"
"File1_4853","File2_12970","0.9380000000000001"
"File1_5488","File2_19201","0.9349999999999999"
"File1_4576","File2_8840","0.9500000000000001"
"File1_4817","File2_12274","0.9477500000000001"
"File1_4797","File2_11928","0.9357500000000001"
"File1_4492","File2_7667","0.8885"
"File1_4770","File2_11509","0.94625"
"File1_3888","File2_0142","0.81374988341473"
"File1_4477","File2_7379","0.866"
"File1_4482","File2_7457","0.9500000000000001"
"File1_4110","File2_2406","0.8138193557852189"
"File1_5916","File2_23234","0.9499093047706287"
"File1_5826","File2_22336","0.9499178075571341"
"File1_5494","File2_19256","0.938"
"File1_4931","File2_14242","0.938"
"File1_4116","File2_2531","0.7575983872913994"
"File1_5540","File2_19651","0.7213333333333333"
"File1_5417","File2_18757","0.829905954080005"
"File1_5675","File2_21057","0.7020833333333333"
"File1_4482","File2_7458","0.8013481523860265"
"File1_5627","File2_20408","0.9345081048487895"
"File1_4848","File2_12873","0.94925"
"File1_5170","File2_16661","0.9380000000000001"
"File1_4738","File2_10870","0.882932029284643"
"File1_4431","File2_6694","0.875"
"File1_4928","File2_14184","0.9500000000000001"
"File1_5571","File2_19862","0.7056666666666667"
"File1_4432","File2_6695","0.9485"
"File1_5136","File2_16447","0.9500000000000001"
"File1_4335","File2_5587","0.9500000000000001"
"File1_4813","File2_12228","0.9497776101467114"
"File1_5093","File2_16142","0.9500000000000001"
"File1_4729","File2_10686","0.9500000000000001"
"File1_4825","File2_12411","0.7249394740944927"
"File1_4728","File2_10685","0.87575"
"File1_4790","File2_11791","0.94925"
"File1_4824","File2_12412","0.7783305203113853"
"File1_5719","File2_21368","0.7063333333333334"
"File1_4626","File2_9644","0.9470000000000001"
"File1_5393","File2_18558","0.7525"
"File1_4215","File2_4015","0.9500000000000001"
"File1_4371","File2_5941","0.9500000000000001"
"File1_4746","File2_10977","0.7251666666666666"
"File1_4913","File2_14002","0.9500000000000001"
"File1_4524","File2_8098","0.8938688106161328"
"File1_5539","File2_19646","0.9062305161385945"
"File1_5079","File2_16038","0.938"
"File1_3881","File2_0097","0.7875518243625794"
"File1_4902","File2_13880","0.938"
"File1_4623","File2_9600","0.7341541069650022"
"File1_5151","File2_16550","0.9500000000000001"
"File1_5905","File2_23133","0.9499502820274935"
"File1_5719","File2_21367","0.9380000000000001"
"File1_5393","File2_18557","0.7284999999999999"
"File1_4290","File2_5052","0.9380000000000001"
"File1_5526","File2_19549","0.9500000000000001"
"File1_4524","File2_8097","0.9237623056604369"
"File1_5792","File2_22037","0.9499434336442776"
"File1_5596","File2_20126","0.9500000000000001"
"File1_5791","File2_22036","0.949870657223776"
"File1_5689","File2_21155","0.9500000000000001"
"File1_4938","File2_14332","0.9485"
"File1_4881","File2_13512","0.9485"
"File1_4214","File2_4010","0.8672012903709876"
"File1_4261","File2_4716","0.8770933901057218"
"File1_5939","File2_23387","0.946458572909395"
"File1_5418","File2_18755","0.7253333333333334"
"File1_4585","File2_9112","0.93425"
"File1_3965","File2_0864","0.8431177517417147"
"File1_5628","File2_20426","0.9500000000000001"
"File1_4481","File2_7456","0.9313283044013277"
"File1_5685","File2_21110","0.938"
"File1_4293","File2_5094","0.8656811502021862"
"File1_5843","File2_22539","0.9499439277637112"
"File1_5205","File2_16918","0.7220000000000001"
"File1_5462","File2_19040","0.938"
"File1_4307","File2_5266","0.9500000000000001"
"File1_5077","File2_16034","0.7520000000000001"
"File1_4687","File2_10295","0.9117500000000001"
"File1_5089","File2_16132","0.9500000000000001"
"File1_4648","File2_9933","0.926"
"File1_4895","File2_13748","0.9500000000000001"
"File1_4162","File2_3251","0.9404284952631721"
"File1_4838","File2_12695","0.92525"
"File1_4837","File2_12686","0.9470000000000001"
"File1_5470","File2_19098","0.938"
"File1_5541","File2_19652","0.9500000000000001"
"File1_5219","File2_17031","0.9500000000000001"
"File1_4400","File2_6377","0.9500000000000001"
"File1_4639","File2_9850","0.9485"
"File1_5763","File2_21808","0.7251666666666667"
"File1_4524","File2_8099","0.7262926769805116"
"File1_5678","File2_21056","0.938"
"File1_4744","File2_10978","0.9069389022134305"
"File1_4853","File2_12976","0.7086666666666667"
"File1_5205","File2_16917","0.7386666666666667"
"File1_4751","File2_11081","0.9034429738701367"
"File1_4886","File2_13601","0.94925"
"File1_5675","File2_21053","0.7709166666666667"
"File1_4475","File2_7335","0.9064575815827738"
"File1_5816","File2_22237","0.8108888929811041"
"File1_5077","File2_16033","0.708"
"File1_4907","File2_13926","0.9500000000000001"
"File1_4182","File2_3491","0.9500000000000001"
"File1_4681","File2_10254","0.9500000000000001"
"File1_5482","File2_19151","0.8037674761949939"
"File1_5763","File2_21805","0.9500000000000001"
"File1_5569","File2_19855","0.9479431385918251"
"File1_5290","File2_17641","0.9500000000000001"
"File1_4838","File2_12694","0.9495330621067821"
"File1_5542","File2_19654","0.9500000000000001"
"File1_4362","File2_5820","0.94625"
"File1_5826","File2_22334","0.7018083333333334"
"File1_4225","File2_4134","0.9500000000000001"
"File1_4567","File2_8718","0.9125"
"File1_5733","File2_21529","0.935"
"File1_4117","File2_2537","0.840169305383169"
"File1_3964","File2_0862","0.9500000000000001"
"File1_4980","File2_14863","0.7413333333333333"
"File1_4336","File2_5589","0.9500000000000001"
"File1_4173","File2_3372","0.9440417189190745"
"File1_4480","File2_7454","0.923"
"File1_5857","File2_22633","0.7026666666666667"
"File1_5776","File2_21901","0.9333135096251006"
"File1_4723","File2_10643","0.9237500000000001"
"File1_5463","File2_19045","0.9485"
"File1_5888","File2_22930","0.9498888050733557"
"File1_4054","File2_1704","0.8725433801981425"
"File1_5595","File2_20123","0.9101065724098243"
"File1_4596","File2_9231","0.9500000000000001"
"File1_5077","File2_16035","0.926"
"File1_4837","File2_12688","0.709462889451449"
"File1_4595","File2_9230","0.9005"
"File1_4013","File2_1284","0.8212616331310547"
"File1_5750","File2_21710","0.9245"
"File1_5393","File2_18552","0.9500000000000001"
"File1_4836","File2_12682","0.9500000000000001"
"File1_5067","File2_15962","0.9500000000000001"
"File1_4945","File2_14479","0.901944441042646"
"File1_4719","File2_10584","0.8872150921496227"
"File1_4718","File2_10583","0.902"
"File1_4784","File2_11743","0.7148333333333333"
"File1_5392","File2_18551","0.9500000000000001"
"File1_4310","File2_5301","0.9380000000000001"
"File1_5153","File2_16557","0.9500000000000001"
"File1_4846","File2_12782","0.9500000000000001"
"File1_4127","File2_2651","0.8831673740167995"
"File1_4677","File2_10205","0.9357500000000001"
"File1_5350","File2_18157","0.9500000000000001"
"File1_4769","File2_11490","0.7073333333333334"
"File1_4656","File2_10008","0.9365"
"File1_5192","File2_16823","0.9245"
"File1_5184","File2_16769","0.9500000000000001"
"File1_5120","File2_16346","0.7306666666666666"
"File1_4900","File2_13841","0.9477500000000001"
"File1_4333","File2_5546","0.9043033709824099"
"File1_5168","File2_16651","0.9500000000000001"
"File1_5264","File2_17477","0.9485"
"File1_4311","File2_5303","0.8425847250560803"
"File1_3950","File2_0740","0.8917214443941336"
"File1_5340","File2_18051","0.9500000000000001"
"File1_5658","File2_20930","0.938"
"File1_4024","File2_1417","0.7826987066786975"
"File1_4656","File2_10007","0.71675"
"File1_5640","File2_20699","0.938"
"File1_4879","File2_13497","0.9500000000000001"
"File1_5874","File2_22828","0.882847916034727"
"File1_4649","File2_9935","0.9237500000000001"
"File1_5204","File2_16924","0.7306666666666667"
"File1_5940","File2_23399","0.7084833333333334"
"File1_5120","File2_16345","0.9380000000000001"
"File1_3932","File2_0585","0.75175"
"File1_5311","File2_17800","0.9500000000000001"
"File1_5752","File2_21714","0.9500000000000001"
"File1_4344","File2_5622","0.9500000000000001"
"File1_4301","File2_5184","0.9500000000000001"
"File1_4281","File2_4909","0.9035"
"File1_5571","File2_19869","0.93725"
"File1_4157","File2_3162","0.9489113917125692"
"File1_4067","File2_1906","0.7457428290696044"
"File1_5026","File2_15651","0.9500000000000001"
"File1_4771","File2_11512","0.9477500000000001"
"File1_5548","File2_19697","0.9500000000000001"
"File1_5384","File2_18495","0.9500000000000001"
"File1_4351","File2_5696","0.9500000000000001"
"File1_5627","File2_20414","0.7283333333333334"
"File1_4806","File2_11980","0.9470000000000001"
"File1_4113","File2_2442","0.9017935697968337"
"File1_4157","File2_3161","0.7246666666666667"
"File1_4193","File2_3716","0.8294119831002478"
"File1_5825","File2_22330","0.7783821977193595"
"File1_4742","File2_10922","0.92525"
"File1_4839","File2_12698","0.9500000000000001"
"File1_4555","File2_8587","0.94625"
"File1_4287","File2_5017","0.854"
"File1_4620","File2_9554","0.8885"
"File1_5403","File2_18614","0.826332542971761"
"File1_4486","File2_7503","0.9500000000000001"
"File1_5784","File2_21967","0.9499541754307745"
"File1_4158","File2_3165","0.9492004075303132"
"File1_4292","File2_5087","0.9500000000000001"
"File1_5792","File2_22038","0.8151029497762711"
"File1_5134","File2_16442","0.7613333333333333"
"File1_4657","File2_10009","0.9117500000000001"
"File1_5202","File2_16909","0.9500000000000001"
"File1_4984","File2_14903","0.9500000000000001"
"File1_5295","File2_17683","0.9470000000000001"
"File1_4620","File2_9553","0.7853333333333333"
"File1_5481","File2_19143","0.9380000000000001"
"File1_5174","File2_16669","0.9500000000000001"
"File1_5204","File2_16920","0.9117499999999998"
"File1_5313","File2_17805","0.938"
"File1_4491","File2_7665","0.9132499999999999"
"File1_3952","File2_0782","0.8579338762620891"
"File1_4831","File2_12550","0.772"
"File1_4516","File2_7992","0.9365"
"File1_5771","File2_21860","0.7403333333333333"
"File1_4588","File2_9144","0.9109999999999999"
"File1_5134","File2_16441","0.9500000000000001"
"File1_4032","File2_1490","0.8230148252774695"
"File1_5144","File2_16499","0.8443614271588021"
"File1_3933","File2_0583","0.7018476316672494"
"File1_5285","File2_17586","0.9500000000000001"
"File1_5538","File2_19640","0.92"
"File1_4984","File2_14904","0.8019850169458218"
"File1_4943","File2_14435","0.9500000000000001"
"File1_4014","File2_1290","0.8505765581324087"
"File1_4496","File2_7711","0.92525"
"File1_5533","File2_19599","0.923"
"File1_5578","File2_19956","0.9500000000000001"
"File1_4393","File2_6245","0.911"
"File1_4517","File2_7994","0.9237500000000001"
"File1_5172","File2_16666","0.9500000000000001"
"File1_5667","File2_21001","0.9500000000000001"
"File1_5718","File2_21365","0.7000000000000001"
"File1_5128","File2_16381","0.9500000000000001"
"File1_4914","File2_14005","0.9500000000000001"
"File1_4409","File2_6496","0.92525"
"File1_4213","File2_3997","0.9500000000000001"
"File1_4889","File2_13683","0.7838206849741244"
"File1_4025","File2_1419","0.7657934691139612"
"File1_5144","File2_16498","0.9500000000000001"
"File1_5135","File2_16443","0.9500000000000001"
"File1_5870","File2_22733","0.9332840148206462"
"File1_4119","File2_2575","0.7241811508769828"
"File1_4534","File2_8256","0.9005"
"File1_4234","File2_4259","0.7714349674511718"
"File1_4772","File2_11517","0.9470000000000001"
"File1_5638","File2_20517","0.9470000000000001"
"File1_4143","File2_2938","0.7388333333333333"
"File1_5636","File2_20601","0.7191666666666667"
"File1_5128","File2_16382","0.7128494740280041"
"File1_5071","File2_15978","0.7866666666666667"
"File1_4790","File2_11794","0.7090833333333333"
"File1_3908","File2_0391","0.7766493436528097"
"File1_3890","File2_0183","0.8177354086925998"
"File1_5802","File2_22131","0.9469695355021778"
"File1_4889","File2_13682","0.9500000000000001"
"File1_5905","File2_23137","0.7101666666666666"
"File1_5532","File2_19598","0.8044803310302069"
"File1_5008","File2_15321","0.9484345896961117"
"File1_4772","File2_11516","0.7218333333333332"
"File1_4743","File2_10925","0.9485"
"File1_5749","File2_21706","0.9500000000000001"
"File1_5481","File2_19146","0.7206666666666667"
"File1_4365","File2_5866","0.8136225710541076"
"File1_4375","File2_6005","0.9500000000000001"
"File1_5084","File2_16090","0.9380000000000001"
"File1_4914","File2_14006","0.7353333333333335"
"File1_4250","File2_4453","0.7899999999999999"
"File1_5113","File2_16284","0.9380000000000001"
"File1_5025","File2_15614","0.9500000000000001"
"File1_5394","File2_18553","0.9500000000000001"
"File1_3894","File2_0222","0.7957050092267115"
"File1_3895","File2_0229","0.8230000000000001"
"File1_4222","File2_4089","0.9500000000000001"
"File1_5893","File2_22972","0.9332574554204183"
"File1_5489","File2_19205","0.9500000000000001"
"File1_5533","File2_19596","0.7718333333333334"
"File1_4623","File2_9596","0.715612624895408"
"File1_4463","File2_7082","0.92525"
"File1_4915","File2_14006","0.9500000000000001"
"File1_5586","File2_20061","0.9500000000000001"
"File1_4271","File2_4780","0.9500000000000001"
"File1_5940","File2_23391","0.7113333333333334"
"File1_5177","File2_16714","0.875"
"File1_4503","File2_7781","0.878"
"File1_3882","File2_0101","0.8426707850988142"
"File1_4423","File2_6622","0.92525"
"File1_5426","File2_18814","0.9500000000000001"
"File1_4166","File2_3333","0.9384041830505233"
"File1_5560","File2_19819","0.8450000000000001"
"File1_4437","File2_6774","0.902"
"File1_4568","File2_8752","0.914"
"File1_4915","File2_14005","0.7353333333333335"
"File1_4844","File2_12739","0.94925"
"File1_3895","File2_0228","0.8431741201494128"
"File1_4353","File2_5707","0.875"
"File1_4541","File2_8337","0.778837842691806"
"File1_4620","File2_9552","0.7253333333333333"
"File1_4623","File2_9593","0.923"
"File1_5278","File2_17530","0.9500000000000001"
"File1_5176","File2_16712","0.9365"
"File1_5450","File2_18978","0.7034996997290548"
"File1_5034","File2_15713","0.9500000000000001"
"File1_4224","File2_4097","0.9494594595373426"
"File1_4434","File2_6744","0.9470000000000001"
"File1_4448","File2_6864","0.92225"
"File1_4688","File2_10308","0.9470000000000001"
"File1_5259","File2_17330","0.9500000000000001"
"File1_4077","File2_2009","0.8465267540498684"
"File1_4250","File2_4450","0.9500000000000001"
"File1_5118","File2_16332","0.9500000000000001"
"File1_4623","File2_9594","0.8007520539545996"
"File1_5450","File2_18977","0.9500000000000001"
"File1_4224","File2_4096","0.7744567781215113"
"File1_3883","File2_0104","0.9405985785493197"
"File1_3884","File2_0105","0.8392311363643066"
"File1_5547","File2_19695","0.938"
"File1_4572","File2_8800","0.86525"
"File1_5427","File2_18818","0.9485"
"File1_5106","File2_16231","0.7746666666666667"
"File1_4417","File2_6531","0.9500000000000001"
"File1_3951","File2_0744","0.7697746289325021"
"File1_5772","File2_21862","0.9499110440586845"
"File1_4979","File2_14860","0.7853333333333333"
"File1_4763","File2_11366","0.9318333333333333"
"File1_4862","File2_13265","0.9500000000000001"
"File1_5005","File2_15271","0.9500000000000001"
"File1_4445","File2_6821","0.914"
"File1_4187","File2_3571","0.8549906928725691"
"File1_4901","File2_13843","0.9500000000000001"
"File1_5640","File2_20700","0.772739995685157"
"File1_5789","File2_22027","0.9499048735275902"
"File1_4187","File2_3572","0.926"
"File1_4086","File2_2082","0.8566726686133538"
"File1_4541","File2_8336","0.91325"
"File1_4500","File2_7740","0.938"
"File1_5090","File2_16136","0.9380000000000001"
"File1_5263","File2_17470","0.9500000000000001"
"File1_5896","File2_23048","0.9332207095243374"
"File1_4978","File2_14860","0.9500000000000001"
"File1_5362","File2_18212","0.9500000000000001"
"File1_5221","File2_17037","0.9500000000000001"
"File1_4146","File2_2981","0.9495118308811971"
"File1_4037","File2_1536","0.826803711188284"
"File1_5854","File2_22581","0.9498889412074872"
"File1_4208","File2_3924","0.9500000000000001"
"File1_5506","File2_19345","0.9500000000000001"
"File1_4251","File2_4454","0.9368037419142506"
"File1_4033","File2_1498","0.8280646824087811"
"File1_4500","File2_7741","0.746"
"File1_4978","File2_14861","0.7853333333333333"
"File1_4399","File2_6374","0.914"
"File1_5594","File2_20121","0.9500000000000001"
"File1_5413","File2_18719","0.89975"
"File1_4410","File2_6505","0.9485"
"File1_4300","File2_5182","0.914"
"File1_4049","File2_1657","0.8313444157564411"
"File1_4085","File2_2081","0.8366746327093193"
"File1_5472","File2_19108","0.7401666666666666"
"File1_5469","File2_19095","0.9500000000000001"
"File1_4784","File2_11740","0.9485"
"File1_4979","File2_14861","0.9500000000000001"
"File1_4652","File2_9964","0.902"
"File1_4180","File2_3459","0.9492467731028448"
"File1_4299","File2_5175","0.9500000000000001"
"File1_4623","File2_9599","0.7337307621787483"
"File1_4901","File2_13844","0.7013333333333334"
"File1_4325","File2_5425","0.9373101095282727"
"File1_4869","File2_13395","0.9500000000000001"
"File1_4435","File2_6746","0.9364999999999999"
"File1_5892","File2_22970","0.9203538244384755"
"File1_4665","File2_10041","0.8885"
"File1_5876","File2_22863","0.9498858801745563"
"File1_5179","File2_16727","0.9372500000000001"
"File1_5844","File2_22546","0.9332655868520566"
"File1_5332","File2_17981","0.9485"
"File1_4420","File2_6568","0.7789067627777959"
"File1_5731","File2_21499","0.9477500000000001"
"File1_5720","File2_21368","0.9500000000000001"
"File1_5656","File2_20890","0.7265"
"File1_4322","File2_5382","0.9500000000000001"
"File1_4269","File2_4749","0.9500000000000001"
"File1_4483","File2_7485","0.9125"
"File1_5857","File2_22623","0.9332666163773468"
"File1_4587","File2_9127","0.8212867734692278"
"File1_5327","File2_17909","0.9486615841784732"
"File1_4125","File2_2628","0.9461506176254671"
"File1_4953","File2_14555","0.777966968267802"
"File1_4565","File2_8703","0.9500000000000001"
"File1_4488","File2_7534","0.9357499999999999"
"File1_5821","File2_22304","0.9332340185768213"
"File1_4883","File2_13540","0.9380000000000001"
"File1_4590","File2_9178","0.89"
"File1_4080","File2_2043","0.834928381077019"
"File1_3920","File2_0506","0.9355925380133717"
"File1_5720","File2_21367","0.7183333333333333"
"File1_4635","File2_9717","0.9470000000000001"
"File1_5276","File2_17528","0.8"
"File1_5725","File2_21412","0.9500000000000001"
"File1_5106","File2_16229","0.9500000000000001"
"File1_4587","File2_9128","0.9500000000000001"
"File1_4308","File2_5279","0.938"
"File1_4450","File2_6908","0.914"
"File1_4953","File2_14554","0.9500000000000001"
"File1_5746","File2_21698","0.938"
"File1_5820","File2_22300","0.8199053290365758"
"File1_4057","File2_1732","0.725642281695374"
"File1_4420","File2_6566","0.9174222665742136"
"File1_4002","File2_1156","0.8075637569140579"
"File1_5549","File2_19714","0.8093333333333333"
"File1_4286","File2_5007","0.9500000000000001"
"File1_4168","File2_3349","0.7539480075510916"
"File1_4458","File2_7013","0.90125"
"File1_4596","File2_9224","0.7613333333333333"
"File1_5338","File2_18048","0.9500000000000001"
"File1_5509","File2_19401","0.9227114063849964"
"File1_3885","File2_0110","0.7690183276230239"
"File1_5716","File2_21336","0.9500000000000001"
"File1_5633","File2_20472","0.8287615048659958"
"File1_4645","File2_9901","0.9005"
"File1_4227","File2_4165","0.9497185298357733"
"File1_5524","File2_19518","0.7084947940077352"
"File1_4737","File2_10861","0.9229285692467688"
"File1_5239","File2_17201","0.9485"
"File1_4922","File2_14086","0.9500000000000001"
"File1_5299","File2_17726","0.9500000000000001"
"File1_5653","File2_20848","0.7224999999999999"
"File1_4420","File2_6567","0.8838786836362769"
"File1_5213","File2_16995","0.93725"
"File1_5214","File2_16996","0.9364999999999999"
"File1_5460","File2_19039","0.9500000000000001"
"File1_5019","File2_15506","0.7626666666666667"
"File1_4313","File2_5330","0.7053375137411749"
"File1_4161","File2_3247","0.9491981685622363"
"File1_5775","File2_21891","0.9498900851681528"
"File1_4134","File2_2768","0.9414572744375426"
"File1_5858","File2_22629","0.9499083307539776"
"File1_5377","File2_18418","0.9477500000000001"
"File1_4764","File2_11371","0.813792218439528"
"File1_3928","File2_0543","0.7983617339886748"
"File1_3898","File2_0298","0.8278458781966538"
"File1_5609","File2_20238","0.9500000000000001"
"File1_4871","File2_13423","0.9500000000000001"
"File1_5302","File2_17750","0.9500000000000001"
"File1_4745","File2_10982","0.891755"
"File1_5074","File2_16025","0.9485"
"File1_5607","File2_20232","0.9380000000000001"
"File1_4990","File2_14958","0.9500000000000001"
"File1_5075","File2_16028","0.9500000000000001"
"File1_3995","File2_1073","0.7913357122290932"
"File1_4079","File2_2037","0.8830973440709883"
"File1_5019","File2_15507","0.9333333333333333"
"File1_4521","File2_8081","0.938"
"File1_4416","File2_6525","0.9102499999999999"
"File1_5633","File2_20470","0.94925"
"File1_5039","File2_15747","0.9500000000000001"
"File1_4963","File2_14631","0.9500000000000001"
"File1_4935","File2_14293","0.9500000000000001"
"File1_3938","File2_0642","0.8868295972095707"
"File1_5482","File2_19149","0.8812026727517145"
"File1_4540","File2_8316","0.7075"
"File1_4602","File2_9277","0.7271918325557414"
"File1_4274","File2_4842","0.9500000000000001"
"File1_4074","File2_1979","0.9004262685664716"
"File1_5215","File2_17000","0.938"
"File1_5780","File2_21925","0.9495893958933013"
"File1_5330","File2_17953","0.8381011111137014"
"File1_5730","File2_21494","0.938"
"File1_5309","File2_17791","0.7343333333333334"
"File1_4602","File2_9276","0.9470000000000001"
"File1_5770","File2_21849","0.9498689360648157"
"File1_4379","File2_6078","0.9477500000000001"
"File1_4323","File2_5385","0.9500000000000001"
"File1_4415","File2_6522","0.926"
"File1_5250","File2_17281","0.9500000000000001"
"File1_4885","File2_13588","0.7733333333333333"
"File1_5528","File2_19559","0.9500000000000001"
"File1_5734","File2_21531","0.9380000000000001"
"File1_4382","File2_6092","0.94925"
"File1_5759","File2_21776","0.938"
"File1_4669","File2_10088","0.9005"
"File1_3978","File2_0959","0.8132716855304286"
"File1_4764","File2_11372","0.9394731153239345"
"File1_4953","File2_14557","0.7280000000000001"
"File1_4476","File2_7344","0.899"
"File1_5473","File2_19112","0.9500000000000001"
"File1_4046","File2_1630","0.7614525342463384"
"File1_4724","File2_10659","0.92225"
"File1_5380","File2_18449","0.8345753097592273"
"File1_4466","File2_7156","0.89825"
"File1_4571","File2_8781","0.9500000000000001"
"File1_4109","File2_2378","0.9199956105179389"
"File1_4703","File2_10454","0.9485"
"File1_3953","File2_0798","0.8441636500204422"
"File1_4750","File2_11075","0.9357500000000001"
"File1_4835","File2_12655","0.9500000000000001"
"File1_4872","File2_13426","0.9500000000000001"
"File1_4216","File2_4028","0.9490061854898807"
"File1_5904","File2_23123","0.9498888527190402"
"File1_5523","File2_19514","0.9500000000000001"
"File1_4864","File2_13309","0.9500000000000001"
"File1_4759","File2_11309","0.9500000000000001"
"File1_4478","File2_7387","0.9245"
"File1_5603","File2_20190","0.898638549351864"
"File1_5309","File2_17793","0.9500000000000001"
"File1_4461","File2_7028","0.89975"
"File1_5764","File2_21817","0.9500000000000001"
"File1_4475","File2_7343","0.7020833333333333"
"File1_4920","File2_14046","0.7374999999999999"
"File1_4211","File2_3961","0.902"
"File1_4980","File2_14874","0.9500000000000001"
"File1_4593","File2_9222","0.7628066911951746"
"File1_4778","File2_11634","0.9485"
"File1_5726","File2_21419","0.9500000000000001"
"File1_4603","File2_9326","0.7270833333333333"
"File1_4687","File2_10289","0.7268333333333333"
"File1_4460","File2_7026","0.91325"
"File1_5759","File2_21779","0.8558681025252156"
"File1_5537","File2_19632","0.9500000000000001"
"File1_5748","File2_21702","0.9500000000000001"
"File1_5236","File2_17081","0.9500000000000001"
"File1_5688","File2_21145","0.9380000000000001"
"File1_4586","File2_9120","0.785604190720217"
"File1_3939","File2_0648","0.904080762286311"
"File1_4275","File2_4845","0.9500000000000001"
"File1_5137","File2_16457","0.9500000000000001"
"File1_3986","File2_1025","0.8939268982834094"
"File1_5423","File2_18797","0.9500000000000001"
"File1_5166","File2_16647","0.9485"
"File1_4624","File2_9613","0.90125"
"File1_5921","File2_23278","0.9299238025261853"
"File1_5038","File2_15744","0.9470000000000001"
"File1_5167","File2_16648","0.9470000000000001"
"File1_5864","File2_22702","0.9499306676275071"
"File1_5148","File2_16531","0.9500000000000001"
"File1_4210","File2_3960","0.902"
"File1_5738","File2_21625","0.9380000000000001"
"File1_4118","File2_2567","0.8455290807126314"
"File1_4594","File2_9221","0.9117500000000001"
"File1_4821","File2_12358","0.9500000000000001"
"File1_4778","File2_11632","0.7868333333333333"
"File1_5425","File2_18798","0.7455929293458416"
"File1_5495","File2_19262","0.926"
"File1_4783","File2_11706","0.9485"
"File1_5818","File2_22266","0.9332604073820391"
"File1_4359","File2_5775","0.9500000000000001"
"File1_4332","File2_5530","0.9458735688093323"
"File1_5815","File2_22225","0.72085"
"File1_5889","File2_22940","0.9498765453621199"
"File1_5524","File2_19517","0.9500000000000001"
"File1_4664","File2_10040","0.9342499999999999"
"File1_5819","File2_22269","0.9499068974896493"
"File1_5756","File2_21736","0.9500000000000001"
"File1_5237","File2_17084","0.9212002748055251"
"File1_4894","File2_13714","0.9500000000000001"
"File1_4267","File2_4743","0.716"
"File1_5424","File2_18798","0.9500000000000001"
"File1_5060","File2_15929","0.9500000000000001"
"File1_5670","File2_21028","0.9341044110573693"
"File1_4625","File2_9616","0.923"
"File1_3909","File2_0394","0.8043563028804976"
"File1_4712","File2_10534","0.9005"
"File1_3875","File2_0012","0.7162464899191211"
"File1_4807","File2_12055","0.9477500000000001"
"File1_4523","File2_8088","0.8765"
"File1_5156","File2_16569","0.898732717293253"
"File1_5818","File2_22267","0.7691167389113638"
"File1_5698","File2_21220","0.9500000000000001"
"File1_4905","File2_13916","0.9500000000000001"
"File1_4284","File2_4949","0.902"
"File1_4906","File2_13917","0.8093333333333333"
"File1_5549","File2_19713","0.7760000000000001"
"File1_5614","File2_20270","0.8832677176996099"
"File1_5419","File2_18766","0.9500000000000001"
"File1_4217","File2_4029","0.9496571429457602"
"File1_4873","File2_13427","0.9470000000000001"
"File1_3996","File2_1079","0.8115694910959406"
"File1_4976","File2_14847","0.9500000000000001"
"File1_5863","File2_22700","0.8426839810196316"
"File1_5116","File2_16309","0.9500000000000001"
"File1_5687","File2_21142","0.9500000000000001"
"File1_5438","File2_18872","0.9500000000000001"
"File1_5149","File2_16535","0.9500000000000001"
"File1_5583","File2_20036","0.9010450147387639"
"File1_4596","File2_9220","0.7000000000000001"
"File1_4988","File2_14921","0.7073333333333333"
"File1_5439","File2_18877","0.9171554219599105"
"File1_4746","File2_10985","0.7103324999999999"
"File1_4906","File2_13919","0.9500000000000001"
"File1_5877","File2_22869","0.949909218243916"
"File1_4268","File2_4746","0.9500000000000001"
"File1_4794","File2_11828","0.94625"
"File1_5160","File2_16595","0.94625"
"File1_4218","File2_4029","0.7600799788665715"
"File1_5161","File2_16596","0.9470000000000001"
"File1_5522","File2_19512","0.877771395852259"
"File1_5756","File2_21737","0.7844356101829291"
"File1_4721","File2_10613","0.9500000000000001"
"File1_4747","File2_11008","0.935"
"File1_5805","File2_22146","0.946355920378185"
"File1_4988","File2_14922","0.9500000000000001"
"File1_4893","File2_13712","0.93575"
"File1_5126","File2_16377","0.8126965490349385"
"File1_5261","File2_17445","0.935"
"File1_5561","File2_19821","0.9500000000000001"
"File1_5014","File2_15453","0.9500000000000001"
"File1_5366","File2_18286","0.9186041360650966"
"File1_5815","File2_22221","0.7193333333333334"
"File1_5927","File2_23327","0.9476290854144833"
"File1_4332","File2_5534","0.8481642598326323"
"File1_5226","File2_17041","0.7133333333333333"
"File1_5209","File2_16958","0.9470000000000001"
"File1_4068","File2_1919","0.7806032877491701"
"File1_5511","File2_19432","0.9268021503469555"
"File1_4203","File2_3867","0.9368856216258307"
"File1_5205","File2_16914","0.7146666666666667"
"File1_5061","File2_15931","0.9470000000000002"
"File1_5004","File2_15244","0.9500000000000001"
"File1_4452","File2_6916","0.9237500000000001"
"File1_5126","File2_16378","0.7806666666666667"
"File1_5175","File2_16678","0.899"
"File1_5317","File2_17833","0.94925"
"File1_5203","File2_16911","0.7976301409264084"
"File1_4575","File2_8838","0.9500000000000001"
"File1_5639","File2_20522","0.9349999999999999"
"File1_3876","File2_0017","0.882708698081639"
"File1_4332","File2_5533","0.7184466299724912"
"File1_5199","File2_16875","0.9500000000000001"
"File1_5790","File2_22029","0.9498699306498933"
"File1_5699","File2_21225","0.94925"
"File1_4202","File2_3865","0.7034499999999999"
"File1_5604","File2_20204","0.9380000000000001"
"File1_4810","File2_12145","0.9470000000000001"
"File1_4811","File2_12146","0.9500000000000001"
"File1_4693","File2_10366","0.7058333333333333"
"File1_4816","File2_12269","0.94925"
"File1_4175","File2_3397","0.9384241998270194"
"File1_5804","File2_22144","0.9499311495802162"
"File1_4278","File2_4883","0.9500000000000001"
"File1_4636","File2_9752","0.935"
"File1_4060","File2_1781","0.8664748403798953"
"File1_4758","File2_11292","0.9485"
"File1_5659","File2_20945","0.938"
"File1_5304","File2_17758","0.9500000000000001"
"File1_4385","File2_6136","0.9500000000000001"
"File1_5535","File2_19630","0.7103333333333335"
"File1_5527","File2_19552","0.9380000000000001"
"File1_5224","File2_17041","0.9500000000000001"
"File1_5281","File2_17557","0.938"
"File1_5871","File2_22748","0.7238333333333332"
"File1_5930","File2_23356","0.9332513543226814"
"File1_5589","File2_20078","0.9500000000000001"
"File1_5068","File2_15974","0.9500000000000001"
"File1_5050","File2_15810","0.9477500000000001"
"File1_4880","File2_13507","0.9500000000000001"
"File1_5393","File2_18561","0.7098333333333333"
"File1_5126","File2_16376","0.9500000000000001"
"File1_5579","File2_19982","0.7125833333333333"
"File1_5351","File2_18164","0.7942688838432845"
"File1_4201","File2_3820","0.9500000000000001"
"File1_4867","File2_13385","0.9500000000000001"
"File1_5182","File2_16758","0.9485"
"File1_4655","File2_9999","0.9380000000000001"
"File1_4814","File2_12232","0.94625"
"File1_4720","File2_10606","0.94625"
"File1_4249","File2_4417","0.7007139776058458"
"File1_4008","File2_1206","0.7944232434202723"
"File1_4812","File2_12189","0.94625"
"File1_5804","File2_22142","0.7208333333333332"
"File1_3910","File2_0397","0.8433877277551409"
"File1_4858","File2_13179","0.7126666666666667"
"File1_4615","File2_9516","0.8644999999999999"
"File1_5890","File2_22947","0.949865458299879"
"File1_5910","File2_23204","0.9470978588011094"
"File1_4775","File2_11546","0.9477500000000001"
"File1_4643","File2_9896","0.7197414609833306"
"File1_4149","File2_3010","0.9433147672695387"
"File1_4786","File2_11757","0.7250250993992674"
"File1_4987","File2_14917","0.9500000000000001"
"File1_4355","File2_5732","0.9500000000000001"
"File1_5091","File2_16141","0.76"
"File1_5804","File2_22143","0.7465"
"File1_5691","File2_21175","0.7506666666666667"
"File1_5550","File2_19743","0.7146666666666667"
"File1_5731","File2_21502","0.7356666666666667"
"File1_5226","File2_17044","0.9500000000000001"
"File1_4139","File2_2890","0.8893240779692663"
"File1_5408","File2_18688","0.8846705684369766"
"File1_4644","File2_9896","0.7733333333333332"
"File1_5544","File2_19662","0.9500000000000001"
"File1_5222","File2_17040","0.9500000000000001"
"File1_4786","File2_11756","0.948485"
"File1_4621","File2_9567","0.88775"
"File1_5203","File2_16910","0.9500000000000001"
"File1_5091","File2_16140","0.9500000000000001"
"File1_4912","File2_13992","0.9500000000000001"
"File1_5492","File2_19231","0.9500000000000001"
"File1_4832","File2_12562","0.9485"
"File1_5550","File2_19744","0.8380000000000001"
"File1_4140","File2_2904","0.9130937593963994"
"File1_5684","File2_21105","0.9477500000000001"
"File1_5143","File2_16487","0.9500000000000001"
"File1_5408","File2_18689","0.7770243521535408"
"File1_5447","File2_18955","0.9500000000000001"
"File1_4247","File2_4368","0.902"
"File1_4535","File2_8269","0.9365"
"File1_5294","File2_17672","0.9500000000000001"
"File1_5021","File2_15579","0.9500000000000001"
"File1_3910","File2_0398","0.715354645266238"
"File1_4999","File2_15140","0.9500000000000001"
"File1_5550","File2_19745","0.7879999999999999"
"File1_4584","File2_9088","0.9245"
"File1_5383","File2_18481","0.9500000000000001"
"File1_5224","File2_17044","0.7133333333333333"
"File1_3895","File2_0218","0.718"
"File1_4643","File2_9897","0.9125"
"File1_4644","File2_9898","0.9500000000000001"
"File1_4369","File2_5920","0.9500000000000001"
"File1_4148","File2_3012","0.7553333333333333"
"File1_4693","File2_10369","0.90125"
"File1_5119","File2_16340","0.9500000000000001"
"File1_4540","File2_8318","0.93425"
"File1_5664","File2_20977","0.9500000000000001"
"File1_5771","File2_21859","0.8196182120193262"
"File1_4009","File2_1209","0.7173488177339663"
"File1_4199","File2_3771","0.9500000000000001"
"File1_5468","File2_19087","0.9380000000000001"
"File1_4996","File2_15100","0.9500000000000001"
"File1_4656","File2_10012","0.7328333333333332"
"File1_3904","File2_0384","0.7235"
"File1_5911","File2_23209","0.7727650105336599"
"File1_4294","File2_5103","0.9500000000000001"
"File1_5871","File2_22742","0.840102929143315"
"File1_5006","File2_15286","0.9500000000000001"
"File1_5086","File2_16103","0.9500000000000001"
"File1_4029","File2_1449","0.8186723496464112"
"File1_4101","File2_2285","0.8988841677648204"
"File1_4446","File2_6852","0.9500000000000001"
"File1_4654","File2_9991","0.9372499999999999"
"File1_4427","File2_6666","0.87575"
"File1_5105","File2_16223","0.9380000000000001"
"File1_4949","File2_14518","0.9500000000000001"
"File1_4356","File2_5737","0.914"
"File1_4910","File2_13953","0.938"
"File1_4164","File2_3257","0.9500000000000001"
"File1_5871","File2_22743","0.7018333333333332"
"File1_5040","File2_15776","0.7387244916258534"
"File1_4774","File2_11544","0.92"
"File1_5193","File2_16837","0.7358333333333333"
"File1_4462","File2_7070","0.923"
"File1_4007","File2_1205","0.8868458137561009"
"File1_4038","File2_1544","0.8082058827960038"
"File1_4865","File2_13342","0.9485"
"File1_5396","File2_18565","0.7545310991417772"
"File1_4885","File2_13585","0.9500000000000001"
"File1_4457","File2_6998","0.7463333333333333"
"File1_4843","File2_12727","0.9500000000000001"
"File1_3906","File2_0388","0.7490129092378879"
"File1_5087","File2_16104","0.9485"
"File1_4422","File2_6610","0.7370000000000001"
"File1_4447","File2_6853","0.9357500000000001"
"File1_4451","File2_6913","0.93725"
"File1_5303","File2_17753","0.9500000000000001"
"File1_5414","File2_18726","0.9500000000000001"
"File1_4413","File2_6520","0.8765"
"File1_4611","File2_9460","0.91025"
"File1_5396","File2_18566","0.8082752498887612"
"File1_5452","File2_18987","0.8463917685824942"
"File1_5646","File2_20777","0.9500000000000001"
"File1_5871","File2_22741","0.9499198549494671"
"File1_5339","File2_18050","0.9500000000000001"
"File1_5040","File2_15774","0.9500000000000001"
"File1_5444","File2_18915","0.9500000000000001"
"File1_5303","File2_17752","0.8019999999999999"
"File1_5041","File2_15775","0.9500000000000001"
"File1_4156","File2_3158","0.8923680960561511"
"File1_5018","File2_15490","0.9500000000000001"
"File1_4454","File2_6957","0.94625"
"File1_5075","File2_16029","0.7769675298343415"
"File1_4285","File2_4983","0.7991118443980971"
"File1_4513","File2_7960","0.8450000000000001"
"File1_4518","File2_8025","0.9365"
"File1_4527","File2_8164","0.7158333333333333"
"File1_4314","File2_5337","0.9500000000000001"
"File1_4866","File2_13383","0.9485"
"File1_5895","File2_23006","0.9499686079686017"
"File1_5217","File2_17009","0.7046666666666667"
"File1_4651","File2_9950","0.8097121380582345"
"File1_5894","File2_22983","0.8226555513908516"
"File1_5709","File2_21290","0.7283333333333333"
"File1_5359","File2_18208","0.9348291489937732"
"File1_4249","File2_4418","0.9380000000000001"
"File1_5266","File2_17487","0.8390196893272587"
"File1_4411","File2_6516","0.92525"
"File1_5690","File2_21174","0.9500000000000001"
"File1_4612","File2_9463","0.9500000000000001"
"File1_5771","File2_21856","0.9007441748352194"
"File1_4163","File2_3254","0.8884453160181595"
"File1_5125","File2_16373","0.9500000000000001"
"File1_4484","File2_7492","0.9132500000000001"
"File1_4527","File2_8166","0.9245"
"File1_5570","File2_19857","0.9414001745678227"
"File1_5582","File2_20032","0.938"
"File1_4094","File2_2191","0.8176690959867006"
"File1_4235","File2_4265","0.9496854981141564"
"File1_5258","File2_17322","0.9500000000000001"
"File1_5318","File2_17835","0.9500000000000001"
"File1_5760","File2_21778","0.9380000000000001"
"File1_5189","File2_16801","0.9500000000000001"
"File1_5810","File2_22174","0.9304880561509076"
"File1_5736","File2_21570","0.9500000000000001"
"File1_5389","File2_18530","0.7233333333333334"
"File1_5656","File2_20892","0.9500000000000001"
"File1_4658","File2_10011","0.9245"
"File1_4179","File2_3444","0.9500000000000001"
"File1_5401","File2_18609","0.9500000000000001"
"File1_4133","File2_2760","0.9421121119484505"
"File1_4280","File2_4893","0.8649613666455273"
"File1_5654","File2_20859","0.9500000000000001"
"File1_4678","File2_10211","0.9085833333333333"
"File1_5217","File2_17008","0.9500000000000001"
"File1_4006","File2_1201","0.8654523893028685"
"File1_5384","File2_18488","0.7105000000000001"
"File1_4197","File2_3768","0.9493090316078056"
"File1_4530","File2_8191","0.914"
"File1_4941","File2_14407","0.9500000000000001"
"File1_5453","File2_18991","0.9500000000000001"
"File1_4198","File2_3770","0.77"
"File1_5634","File2_20484","0.9477500000000001"
"File1_3974","File2_0916","0.8105468138872524"
"File1_5745","File2_21685","0.9380000000000001"
"File1_3925","File2_0530","0.843420740291891"
"File1_4959","File2_14594","0.7326666666666667"
"File1_4802","File2_11954","0.8766608016251207"
"File1_4593","File2_9219","0.87425"
"File1_4982","File2_14888","0.9500000000000001"
"File1_4537","File2_8285","0.94625"
"File1_5147","File2_16528","0.9500000000000001"
"File1_5059","File2_15927","0.9500000000000001"
"File1_5058","File2_15926","0.9500000000000001"
"File1_5796","File2_22055","0.9499018020658564"
"File1_4093","File2_2176","0.8748497285567621"
"File1_5010","File2_15393","0.9500000000000001"
"File1_5244","File2_17218","0.9485"
"File1_4803","File2_11958","0.94925"
"File1_5739","File2_21630","0.9380000000000001"
"File1_5491","File2_19229","0.9500000000000001"
"File1_4668","File2_10078","0.93725"
"File1_4669","File2_10079","0.721"
"File1_4370","File2_5926","0.94625"
"File1_5387","File2_18524","0.7133333333333334"
"File1_4302","File2_5201","0.9500000000000001"
"File1_4592","File2_9216","0.9500000000000001"
"File1_5860","File2_22664","0.9499088963347689"
"File1_4256","File2_4616","0.9489423199289329"
"File1_3896","File2_0243","0.8287380915955671"
"File1_5700","File2_21246","0.7071666666666666"
"File1_3879","File2_0086","0.8523278552421356"
"File1_5007","File2_15308","0.7626666666666667"
"File1_4444","File2_6799","0.9296611022323711"
"File1_5836","File2_22415","0.9498826927151734"
"File1_5201","File2_16885","0.9470000000000001"
"File1_4034","File2_1524","0.8456413303248607"
"File1_4896","File2_13763","0.9500000000000001"
"File1_5880","File2_22892","0.9499707092964059"
"File1_5711","File2_21302","0.9364999999999999"
"File1_4791","File2_11812","0.9500000000000001"
"File1_4547","File2_8406","0.9328889910721819"
"File1_4218","File2_4030","0.9500000000000001"
"File1_4267","File2_4738","0.9500000000000001"
"File1_4191","File2_3681","0.902"
"File1_5917","File2_23255","0.9498866036923982"
"File1_3914","File2_0459","0.8175211400991306"
"File1_4126","File2_2638","0.9492308064802107"
"File1_5387","File2_18526","0.9500000000000001"
"File1_5929","File2_23353","0.7822238146767926"
"File1_4111","File2_2427","0.7376720095674423"
"File1_4236","File2_4271","0.9130763289397379"
"File1_5286","File2_17618","0.9500000000000001"
"File1_5346","File2_18137","0.7073333333333334"
"File1_3997","File2_1084","0.8291254690966186"
"File1_5474","File2_19122","0.7266666666666667"
"File1_3954","File2_0810","0.8325923862777155"
"File1_4217","File2_4030","0.7604091179628201"
"File1_5255","File2_17312","0.9500000000000001"
"File1_5475","File2_19129","0.9500000000000001"
"File1_4256","File2_4618","0.731"
"File1_5852","File2_22564","0.7926588848647922"
"File1_4144","File2_2963","0.9490847467030049"
"File1_4952","File2_14548","0.8606516726910827"
"File1_4058","File2_1762","0.8148391830776532"
"File1_4708","File2_10511","0.9380000000000001"
"File1_5140","File2_16471","0.9500000000000001"
"File1_3973","File2_0912","0.7415988796425557"
"File1_3990","File2_1045","0.7488733772248659"
"File1_5624","File2_20386","0.9500000000000001"
"File1_5242","File2_17216","0.94925"
"File1_4651","File2_9948","0.8499068079248253"
"File1_4111","File2_2425","0.8867576243111461"
"File1_4436","File2_6762","0.88925"
"File1_4192","File2_3684","0.9500000000000001"
"File1_5530","File2_19573","0.9470000000000001"
"File1_4882","File2_13532","0.9380000000000001"
"File1_4324","File2_5398","0.883250215699076"
"File1_5861","File2_22669","0.9332630457493541"
"File1_4801","File2_11953","0.9470000000000001"
"File1_4073","File2_1967","0.7557406112520755"
"File1_4800","File2_11950","0.9485"
"File1_5600","File2_20143","0.9380000000000001"
"File1_5242","File2_17217","0.7826990767597032"
"File1_4968","File2_14692","0.9500000000000001"
"File1_4972","File2_14786","0.9500000000000001"
"File1_4153","File2_3104","0.9128147996808907"
"File1_4424","File2_6641","0.914"
"File1_5782","File2_21936","0.7853619971459338"
"File1_4741","File2_10907","0.9117500000000001"
"File1_5022","File2_15580","0.9500000000000001"
"File1_4683","File2_10270","0.91325"
"File1_4181","File2_3474","0.926"
"File1_4001","File2_1146","0.7211556329978555"
"File1_4265","File2_4732","0.7305821392288556"
"File1_4855","File2_13016","0.7675"
"File1_4981","File2_14886","0.9500000000000001"
"File1_4711","File2_10528","0.7178333333333332"
"File1_5043","File2_15782","0.9500000000000001"
"File1_5503","File2_19326","0.938"
"File1_3969","File2_0888","0.8639066082438367"
"File1_4964","File2_14649","0.9500000000000001"
"File1_5000","File2_15169","0.752433789445029"
"File1_5457","File2_19018","0.9500000000000001"
"File1_5907","File2_23194","0.9332662843763498"
"File1_4562","File2_8693","0.9174232629590663"
"File1_5159","File2_16579","0.7433333333333333"
"File1_4520","File2_8076","0.9305793872241616"
"File1_4276","File2_4854","0.9500000000000001"
"File1_3936","File2_0613","0.863164305257677"
"File1_3889","File2_0165","0.7794377130417804"
"File1_5806","File2_22153","0.9466688510817807"
"File1_5342","File2_18081","0.9500000000000001"
"File1_5808","File2_22155","0.7202916666666667"
"File1_5000","File2_15168","0.9470000000000001"
"File1_4711","File2_10527","0.8414382305522023"
"File1_4739","File2_10893","0.94625"
"File1_5902","File2_23110","0.9328916163773465"
"File1_4396","File2_6315","0.902"
"File1_5865","File2_22713","0.9500000000000001"
"File1_4651","File2_9949","0.90125"
"File1_3892","File2_0195","0.7505526547858685"
"File1_3891","File2_0194","0.7296916659761117"
"File1_5081","File2_16065","0.9500000000000001"
"File1_4520","File2_8075","0.935"
"File1_5158","File2_16579","0.9500000000000001"
"File1_5934","File2_23361","0.8990058384926227"
"File1_4684","File2_10271","0.93725"
"File1_4264","File2_4735","0.8279892613689458"
"File1_4570","File2_8770","0.926"
"File1_4138","File2_2888","0.8017512988460835"
"File1_4711","File2_10526","0.8894229727701589"
"File1_5456","File2_19017","0.71"
"File1_3985","File2_1014","0.9085447174384655"
"File1_4704","File2_10466","0.9500000000000001"
"File1_4266","File2_4732","0.9500000000000001"
"File1_5579","File2_19978","0.9500000000000001"
"File1_4188","File2_3607","0.9500000000000001"
"File1_5616","File2_20307","0.94925"
"File1_4071","File2_1961","0.7306521778307867"
"File1_4845","File2_12762","0.9500000000000001"
"File1_3927","File2_0539","0.826859105364687"
"File1_4711","File2_10525","0.7478333333333332"
"File1_4579","File2_8907","0.835643374900954"
"File1_4137","File2_2842","0.8772103767999699"
"File1_5839","File2_22458","0.9499003062986159"
"File1_4741","File2_10903","0.7238333333333333"
"File1_5535","File2_19627","0.9380000000000001"
"File1_4829","File2_12483","0.9500000000000001"
"File1_5009","File2_15346","0.9500000000000001"
"File1_3889","File2_0166","0.8478679764439606"
"File1_4318","File2_5361","0.9500000000000001"
"File1_5936","File2_23368","0.9465975770890785"
"File1_4531","File2_8192","0.926"
"File1_4947","File2_14497","0.9500000000000001"
"File1_5935","File2_23367","0.9499006285931827"
"File1_4205","File2_3893","0.9494447668824607"
"File1_4849","File2_12893","0.9500000000000001"
"File1_4081","File2_2058","0.7687551968113103"
"File1_4252","File2_4521","0.9500000000000001"
"File1_3893","File2_0197","0.8849594240112384"
"File1_4319","File2_5364","0.902"
"File1_4064","File2_1849","0.8287579261109056"
"File1_4237","File2_4278","0.9493683585704503"
"File1_4647","File2_9910","0.935"
"File1_5456","File2_19015","0.7830833333333334"
"File1_4266","File2_4731","0.7305821392288556"
"File1_4685","File2_10273","0.902"
"File1_4357","File2_5762","0.8380000000000001"
"File1_5799","File2_22094","0.7820954003607392"
"File1_4459","File2_7022","0.726"
"File1_5095","File2_16161","0.9500000000000001"
"File1_5096","File2_16162","0.9333333333333333"
"File1_4366","File2_5881","0.9500000000000001"
"File1_4138","File2_2887","0.7926666666666667"
"File1_4358","File2_5763","0.76"
"File1_4934","File2_14268","0.9500000000000001"
"File1_4563","File2_8695","0.8885"
"File1_5679","File2_21073","0.8841263688433774"
"File1_5456","File2_19016","0.8757682174841231"
"File1_4608","File2_9423","0.9237500000000001"
"File1_5455","File2_19015","0.9132499999999999"
"File1_5807","File2_22158","0.9499298131726958"
"File1_4683","File2_10276","0.7278333333333332"
"File1_4909","File2_13948","0.9500000000000001"
"File1_4357","File2_5763","0.7479439722580442"
"File1_4499","File2_7730","0.938"
"File1_4244","File2_4319","0.878"
"File1_4459","File2_7023","0.938"
"File1_4174","File2_3396","0.9493328304401326"
"File1_5354","File2_18182","0.7493333333333333"
"File1_4087","File2_2098","0.8857859747264235"
"File1_5023","File2_15588","0.9500000000000001"
"File1_4358","File2_5762","0.784"
"File1_4667","File2_10073","0.8525"
"File1_5909","File2_23198","0.933191499848828"
"File1_4453","File2_6919","0.9109999999999998"
"File1_5030","File2_15683","0.9500000000000001"
"File1_5671","File2_21036","0.9500000000000001"
"File1_5337","File2_18031","0.938"
"File1_4265","File2_4730","0.7798587205141431"
"File1_5007","File2_15305","0.9500000000000001"
"File1_5298","File2_17710","0.9500000000000001"
"File1_4694","File2_10376","0.9485"
"File1_4581","File2_9045","0.9477500000000001"
"File1_4897","File2_13768","0.9470000000000001"
"File1_4255","File2_4569","0.9492756574760564"
"File1_4642","File2_9869","0.94925"
"File1_4981","File2_14887","0.8064139280435051"
"File1_5724","File2_21406","0.9500000000000001"
"File1_4357","File2_5764","0.9500000000000001"
"File1_5013","File2_15441","0.9500000000000001"
"File1_4629","File2_9666","0.7593333333333333"
"File1_4628","File2_9665","0.9360416133408264"
"File1_5042","File2_15780","0.9485"
"File1_4520","File2_8072","0.7015833333333332"
"File1_4064","File2_1848","0.9252995927775723"
"File1_3897","File2_0280","0.8127119622546957"
"File1_5391","File2_18539","0.9500000000000001"
"File1_4081","File2_2057","0.8386928254470243"
"File1_4730","File2_10722","0.9447500000000001"
"File1_4852","File2_12953","0.9485"
"File1_5838","File2_22457","0.9499112736416636"
"File1_4159","File2_3191","0.9377139443312522"
"File1_5754","File2_21727","0.9485"
"File1_4206","File2_3895","0.9490055162567002"
"File1_4459","File2_7025","0.7026666666666667"
"File1_4265","File2_4731","0.9500000000000001"
"File1_4740","File2_10900","0.926"
"File1_4069","File2_1931","0.905882264122053"
"File1_4502","File2_7765","0.9500000000000001"
"File1_5767","File2_21835","0.9380000000000001"
"File1_4357","File2_5765","0.7501235499329766"
"File1_5262","File2_17450","0.9015252450520099"
"File1_4979","File2_14848","0.7156823087861243"
"File1_4841","File2_12719","0.7180080674651534"
"File1_5357","File2_18195","0.9380000000000001"
"File1_5124","File2_16363","0.7027117835288423"
"File1_5356","File2_18194","0.9470000000000001"
"File1_4212","File2_3975","0.9487466207391858"
"File1_4020","File2_1396","0.715"
"File1_5912","File2_23214","0.9332659188946815"
"File1_5644","File2_20724","0.9500000000000001"
"File1_5431","File2_18843","0.938"
"File1_4777","File2_11618","0.9478353140996073"
"File1_4549","File2_8449","0.87575"
"File1_4641","File2_9866","0.9485"
"File1_3960","File2_0840","0.7064200612541296"
"File1_4543","File2_8352","0.88775"
"File1_4243","File2_4311","0.9500000000000001"
"File1_4242","File2_4310","0.9380000000000001"
"File1_4358","File2_5767","0.9500000000000001"
"File1_5357","File2_18196","0.7641845053275785"
"File1_5706","File2_21286","0.73"
"File1_5382","File2_18472","0.9500000000000001"
"File1_5708","File2_21288","0.7326666666666667"
"File1_5756","File2_21739","0.7514962263632979"
"File1_5925","File2_23314","0.937087857073125"
"File1_5644","File2_20725","0.7465"
"File1_4777","File2_11619","0.9172404429062979"
"File1_4697","File2_10422","0.7320833333333332"
"File1_5546","File2_19676","0.9335572875751537"
"File1_5082","File2_16070","0.9500000000000001"
"File1_4406","File2_6470","0.94925"
"File1_5110","File2_16269","0.9500000000000001"
"File1_5766","File2_21834","0.9500000000000001"
"File1_5562","File2_19834","0.907757691852717"
"File1_4347","File2_5643","0.9500000000000001"
"File1_5262","File2_17452","0.7206666666666667"
"File1_4331","File2_5525","0.9500000000000001"
"File1_5234","File2_17067","0.9500000000000001"
"File1_5207","File2_16946","0.939514514573791"
"File1_5157","File2_16575","0.9500000000000001"
"File1_4544","File2_8356","0.92525"
"File1_4100","File2_2258","0.8260890094363401"
"File1_4988","File2_14925","0.7473333333333333"
"File1_5710","File2_21292","0.9500000000000001"
"File1_4104","File2_2341","0.8722188405391493"
"File1_5316","File2_17820","0.9500000000000001"
"File1_5268","File2_17495","0.9500000000000001"
"File1_4358","File2_5765","0.7279999999999999"
"File1_4128","File2_2671","0.9487228819682699"
"File1_4347","File2_5644","0.7780356381540506"
"File1_5786","File2_21987","0.8979755571887535"
"File1_5502","File2_19320","0.8948313217605305"
"File1_5466","File2_19071","0.9484999999999997"
"File1_4554","File2_8560","0.9326105017657811"
"File1_4047","File2_1635","0.8655662592019058"
"File1_5446","File2_18941","0.7814522361186051"
"File1_5546","File2_19678","0.7013333333333334"
"File1_5717","File2_21340","0.9500000000000001"
"File1_4942","File2_14414","0.9477500000000001"
"File1_5267","File2_17491","0.9500000000000001"
"File1_4330","File2_5524","0.8695783626232038"
"File1_4841","File2_12715","0.9470000000000001"
"File1_4663","File2_10035","0.92225"
"File1_4141","File2_2915","0.949119611024727"
"File1_5630","File2_20444","0.9380000000000001"
"File1_4040","File2_1591","0.7157856317421628"
"File1_4090","File2_2138","0.855771044523711"
"File1_4826","File2_12448","0.9500000000000001"
"File1_3981","File2_0997","0.7987550852200204"
"File1_4289","File2_5038","0.9500000000000001"
"File1_3999","File2_1136","0.9216026385891121"
"File1_4105","File2_2343","0.8572092540438949"
"File1_5886","File2_22907","0.8320910488566217"
"File1_4773","File2_11536","0.7075"
"File1_5099","File2_16170","0.9500000000000001"
"File1_4422","File2_6608","0.8904918588700323"
"File1_4823","File2_12385","0.9485"
"File1_5446","File2_18940","0.9500000000000001"
"File1_4638","File2_9833","0.92525"
"File1_5723","File2_21393","0.9500000000000001"
"File1_4833","File2_12572","0.9470000000000001"
"File1_4804","File2_11960","0.9477500000000004"
"File1_4392","File2_6221","0.9470000000000001"
"File1_5037","File2_15733","0.9495632634528414"
"File1_5241","File2_17212","0.9500000000000001"
"File1_5031","File2_15689","0.926"
"File1_4924","File2_14128","0.9500000000000001"
"File1_5028","File2_15670","0.9500000000000001"
"File1_4233","File2_4235","0.9256594786554592"
"File1_5886","File2_22906","0.7650916666666664"
"File1_5109","File2_16251","0.9500000000000001"
"File1_4854","File2_13011","0.9500000000000001"
"File1_4580","File2_8948","0.92525"
"File1_5708","File2_21289","0.9357500000000001"
"File1_4614","File2_9502","0.92225"
"File1_5693","File2_21188","0.9500000000000001"
"File1_5208","File2_16949","0.9477500000000001"
"File1_5898","File2_23063","0.9498948392573644"
"File1_4923","File2_14126","0.9470000000000001"
"File1_4582","File2_9050","0.911"
"File1_4773","File2_11534","0.94625"
"File1_5363","File2_18230","0.7328333333333333"
"File1_4818","File2_12301","0.94925"
"File1_5755","File2_21731","0.9500000000000001"
"File1_5885","File2_22906","0.7"
"File1_4444","File2_6800","0.9500000000000001"
"File1_5260","File2_17365","0.9500000000000001"
"File1_4350","File2_5675","0.9500000000000001"
"File1_4548","File2_8440","0.9500000000000001"
"File1_4401","File2_6384","0.89"
"File1_4710","File2_10518","0.9470000000000001"
"File1_5415","File2_18733","0.9492500000000001"
"File1_5584","File2_20040","0.9500000000000001"
"File1_5422","File2_18789","0.9500000000000001"
"File1_4543","File2_8351","0.7110801027717354"
"File1_5545","File2_19673","0.9380000000000001"
"File1_4995","File2_15085","0.7377499999999999"
"File1_4633","File2_9695","0.9470000000000001"
"File1_4152","File2_3100","0.9411870531486605"
"File1_5467","File2_19076","0.9500000000000001"
"File1_5879","File2_22892","0.7010000000000001"
"File1_4470","File2_7183","0.9349999999999999"
"File1_4877","File2_13474","0.9500000000000001"
"File1_5156","File2_16570","0.9338822183579762"
"File1_5372","File2_18335","0.9380000000000001"
"File1_3886","File2_0128","0.8641655742746236"
"File1_4916","File2_14029","0.9500000000000001"
"File1_4027","File2_1432","0.8056078345521543"
"File1_4455","File2_6967","0.923"
"File1_4209","File2_3940","0.9495947189044075"
"File1_4018","File2_1313","0.7288925145991034"
"File1_4948","File2_14505","0.938"
"File1_4419","File2_6552","0.7053333333333333"
"File1_5612","File2_20247","0.7433333333333333"
"File1_5563","File2_19838","0.914"
"File1_4313","File2_5329","0.9500000000000001"
"File1_4026","File2_1431","0.8680202739690959"
"File1_5580","File2_19989","0.9500000000000001"
"File1_4876","File2_13474","0.7179025483491561"
"File1_4559","File2_8651","0.914"
"File1_5371","File2_18333","0.9500000000000001"
"File1_4386","File2_6140","0.9500000000000001"
"File1_5650","File2_20821","0.93725"
"File1_4748","File2_11057","0.9342499999999999"
"File1_4792","File2_11823","0.94925"
"File1_5011","File2_15406","0.9500000000000001"
"File1_5165","File2_16637","0.9470000000000001"
"File1_5254","File2_17310","0.9500000000000001"
"File1_5037","File2_15734","0.9258464823107327"
"File1_5692","File2_21185","0.9477500000000001"
"File1_4456","File2_6969","0.935"
"File1_5856","File2_22609","0.9315472933000396"
"File1_5669","File2_21027","0.9500000000000001"
"File1_4297","File2_5158","0.9500000000000001"
"File1_3962","File2_0848","0.9069196372845483"
"File1_4449","File2_6875","0.902"
"File1_4303","File2_5208","0.9500000000000001"
"File1_4787","File2_11764","0.94925"
"File1_5883","File2_22898","0.9468142850912022"
"File1_4819","File2_12307","0.94625"
"File1_4424","File2_6645","0.7160000000000001"
"File1_4756","File2_11153","0.926"
"File1_5701","File2_21243","0.9500000000000001"
"File1_4755","File2_11150","0.9117500000000001"
"File1_4404","File2_6433","0.9237500000000001"
"File1_4842","File2_12715","0.7172580674651534"
"File1_5642","File2_20721","0.9500000000000001"
"File1_5899","File2_23067","0.8696298857132969"
"File1_4640","File2_9862","0.8866593487196825"
"File1_4767","File2_11471","0.9470000000000001"
"File1_4103","File2_2296","0.7585733770211539"
"File1_5663","File2_20968","0.938"
"File1_5635","File2_20489","0.926"
"File1_4707","File2_10508","0.923"
"File1_5913","File2_23219","0.9499189552182518"
"File1_4757","File2_11241","0.9477500000000001"
"File1_4169","File2_3357","0.9488880507335539"
"File1_5611","File2_20245","0.7109166666666666"
"File1_3919","File2_0495","0.7677024610744387"
"File1_3929","File2_0570","0.7578608265531857"
"File1_5882","File2_22897","0.9499440858245264"
"File1_4640","File2_9863","0.9349429941465637"
"File1_5181","File2_16748","0.94625"
"File1_4052","File2_1673","0.81241807490307"
"File1_4062","File2_1839","0.8399646056326892"
"File1_4102","File2_2294","0.842212399442227"
"File1_4994","File2_15045","0.9500000000000001"
"File1_4260","File2_4686","0.9488746179955089"
"File1_4546","File2_8400","0.9117500000000001"
"File1_4960","File2_14596","0.9500000000000001"
"File1_5705","File2_21281","0.7043333333333333"
"File1_5529","File2_19565","0.9500000000000001"
"File1_4859","File2_13183","0.9500000000000001"
"File1_5052","File2_15841","0.9485"
"File1_4858","File2_13181","0.9500000000000001"
"File1_4877","File2_13472","0.7433333333333333"
"File1_4876","File2_13473","0.9500000000000001"
"File1_4526","File2_8154","0.91175"
"File1_5397","File2_18574","0.9500000000000001"
"File1_5881","File2_22896","0.9500000000000001"
"File1_5139","File2_16463","0.7585"
"File1_4697","File2_10423","0.9357500000000001"
"File1_4735","File2_10808","0.9245"
"File1_4698","File2_10424","0.9005"
"File1_5683","File2_21092","0.8519928905218899"
"File1_4326","File2_5449","0.9500000000000001"
"File1_4183","File2_3525","0.9488880507335546"
"File1_4088","File2_2104","0.8569167170544877"
"File1_4877","File2_13473","0.7179025483491561"
"File1_5322","File2_17874","0.9485"
"File1_5706","File2_21284","0.788"
"File1_5705","File2_21283","0.7000000000000001"
"File1_4842","File2_12719","0.9477500000000001"
"File1_5139","File2_16464","0.7465"
"File1_5218","File2_17019","0.9500000000000001"
"File1_4021","File2_1398","0.7188780295560002"
"File1_4679","File2_10226","0.9349999999999999"
"File1_5370","File2_18332","0.9500000000000001"
"File1_3886","File2_0127","0.7255"
"File1_4698","File2_10423","0.8093018634194763"
"File1_4697","File2_10424","0.7455518634194764"
"File1_5212","File2_16982","0.7588399927096152"
"File1_5477","File2_19136","0.8796544375277207"
"File1_4264","File2_4729","0.9500000000000001"
"File1_4402","File2_6404","0.9500000000000001"
"File1_4250","File2_4449","0.7508333333333334"
"File1_4317","File2_5354","0.9500000000000001"
"File1_4403","File2_6407","0.926"
"File1_5519","File2_19502","0.9266655288415953"
"File1_4419","File2_6549","0.926"
"File1_5458","File2_19020","0.9500000000000001"
"File1_4226","File2_4143","0.9489745204698329"
"File1_4064","File2_1850","0.812091259444239"
"File1_4716","File2_10558","0.89825"
"File1_4348","File2_5651","0.9500000000000001"
"File1_4135","File2_2788","0.8775195107276803"
"File1_3915","File2_0467","0.8809949554656211"
"File1_4145","File2_2970","0.948912525026193"
"File1_4372","File2_5957","0.914"
"File1_4753","File2_11101","0.8765"
"File1_5834","File2_22403","0.9295604566585378"
"File1_5937","File2_23370","0.9486735983105563"
"File1_4939","File2_14363","0.9500000000000001"
"File1_4493","File2_7694","0.9500000000000001"
"File1_5879","File2_22886","0.9107481427907769"
"File1_4965","File2_14652","0.9500000000000001"
"File1_4951","File2_14532","0.9470000000000001"
"File1_3915","File2_0468","0.7176143942835875"
"File1_5253","File2_17309","0.94925"
"File1_4673","File2_10181","0.9500000000000001"
"File1_4441","File2_6789","0.902"
"File1_4917","File2_14034","0.9500000000000001"
"File1_5602","File2_20175","0.8862269681563436"
"File1_5364","File2_18227","0.9500000000000001"
"File1_4511","File2_7941","0.926"
"File1_4051","File2_1664","0.7691586543770254"
"File1_4890","File2_13682","0.7838206849741244"
"File1_4361","File2_5813","0.9500000000000001"
"File1_5440","File2_18882","0.7106473171310344"
"File1_4171","File2_3366","0.949221864118423"
"File1_5367","File2_18300","0.9500000000000001"
"File1_5623","File2_20376","0.9500000000000001"
"File1_4971","File2_14779","0.94625"
"File1_5879","File2_22887","0.7985486967344225"
"File1_4550","File2_8479","0.8135133795000902"
"File1_4348","File2_5653","0.7705"
"File1_4918","File2_14034","0.706"
"File1_4673","File2_10182","0.8283085120770846"
"File1_4831","File2_12548","0.94625"
"File1_5131","File2_16390","0.7047706878971782"
"File1_4890","File2_13683","0.9500000000000001"
"File1_5606","File2_20212","0.9042039485958226"
"File1_4779","File2_11651","0.9477500000000001"
"File1_4005","File2_1179","0.7992828189859944"
"File1_4178","File2_3424","0.9489050788091359"
"File1_4241","File2_4308","0.9380000000000001"
"File1_5478","File2_19139","0.9485"
"File1_4262","File2_4723","0.7959999999999999"
"File1_5636","File2_20498","0.8269931128703448"
"File1_4830","File2_12506","0.9485"
"File1_5868","File2_22725","0.8684148376307335"
"File1_4918","File2_14035","0.9500000000000001"
"File1_4779","File2_11652","0.7943976112001631"
"File1_4224","File2_4099","0.7216666666666667"
"File1_5459","File2_19024","0.7146666666666667"
"File1_5700","File2_21239","0.9380000000000001"
"File1_4132","File2_2742","0.9422689557083209"
"File1_3937","File2_0620","0.8346511349268081"
"File1_5073","File2_16002","0.9500000000000001"
"File1_5605","File2_20210","0.94775"
"File1_4378","File2_6055","0.914"
"File1_4270","File2_4778","0.9500000000000001"
"File1_4557","File2_8628","0.9117500000000001"
"File1_5923","File2_23298","0.7013333333333333"
"File1_5459","File2_19022","0.942257186596842"
"File1_5695","File2_21195","0.7043333333333333"
"File1_4917","File2_14035","0.706"
"File1_4388","File2_6150","0.9500000000000001"
"File1_5440","File2_18883","0.866"
"File1_5735","File2_21558","0.9500000000000001"
"File1_5660","File2_20947","0.9380000000000001"
"File1_5212","File2_16977","0.9500000000000001"
"File1_5428","File2_18825","0.9500000000000001"
"File1_4065","File2_1854","0.71004140170422"
"File1_5712","File2_21311","0.938"
"File1_4430","File2_6686","0.9000197820502646"
"File1_4921","File2_14066","0.9500000000000001"
"File1_4221","File2_4060","0.7086666666666668"
"File1_4262","File2_4721","0.9500000000000001"
"File1_4339","File2_5598","0.9500000000000001"
"File1_5505","File2_19339","0.9500000000000001"
"File1_5660","File2_20946","0.724392886414442"
"File1_4154","File2_3139","0.7058333333333333"
"File1_4425","File2_6646","0.9500000000000001"
"File1_5103","File2_16203","0.9500000000000001"
"File1_4505","File2_7803","0.89"
"File1_5212","File2_16978","0.7289874589061793"
"File1_5104","File2_16204","0.94925"
"File1_5622","File2_20373","0.926"
"File1_3958","File2_0820","0.7381971595578578"
"File1_4316","File2_5354","0.7539999999999999"
"File1_4796","File2_11890","0.94625"
"File1_4172","File2_3369","0.9017776101467113"
"File1_4779","File2_11655","0.7152725916376298"
"File1_5581","File2_19996","0.9500000000000001"
"File1_4489","File2_7599","0.8405"
"File1_4965","File2_14655","0.7133333333333334"
"File1_5831","File2_22356","0.7575833333333333"
"File1_5835","File2_22406","0.946491710295627"
"File1_5210","File2_16972","0.938"
"File1_4552","File2_8522","0.89"
"File1_4898","File2_13773","0.9500000000000001"
"File1_4004","File2_1176","0.8645210698505243"
"File1_4258","File2_4669","0.8892309516593021"
"File1_5729","File2_21478","0.9380000000000001"
"File1_4870","File2_13404","0.9500000000000001"
"File1_5855","File2_22604","0.813784382844864"
"File1_5567","File2_19847","0.9470000000000001"
"File1_4989","File2_14944","0.728750339840427"
"File1_4809","File2_12120","0.9500000000000001"
"File1_5485","File2_19167","0.9500000000000001"
"File1_4170","File2_3362","0.9440285019540434"
"File1_5229","File2_17056","0.9500000000000001"
"File1_4316","File2_5352","0.9500000000000001"
"File1_4714","File2_10552","0.9470000000000001"
"File1_5713","File2_21319","0.9380000000000001"
"File1_4691","File2_10357","0.9500000000000001"
"File1_4695","File2_10381","0.935"
"File1_4219","File2_4048","0.9217558902603086"
"File1_4616","File2_9533","0.92525"
"File1_4617","File2_9534","0.9132292705523672"
"File1_5045","File2_15797","0.938"
"File1_5695","File2_21199","0.9500000000000001"
"File1_5571","File2_19874","0.7071666666666666"
"File1_5674","File2_21044","0.9500000000000001"
"File1_4465","File2_7133","0.9245"
"File1_5534","File2_19612","0.9500000000000001"
"File1_5855","File2_22602","0.9499022301100252"
"File1_4617","File2_9535","0.899"
"File1_5386","File2_18519","0.9253866632121579"
"File1_4929","File2_14196","0.9500000000000001"
"File1_3979","File2_0973","0.7490042848098649"
"File1_4468","File2_7175","0.938"
"File1_4043","File2_1616","0.8584916187752827"
"File1_4789","File2_11778","0.9485"
"File1_4591","File2_9203","0.9364999999999999"
"File1_4670","File2_10099","0.8350833333333334"
"File1_4263","File2_4725","0.9246137397954995"
"File1_5553","File2_19760","0.7193333333333333"
"File1_5001","File2_15179","0.9500000000000001"
"File1_5817","File2_22240","0.9499332830440134"
"File1_4616","File2_9536","0.7515833333333334"
"File1_4121","File2_2602","0.9255164074224779"
"File1_5823","File2_22320","0.9332873463311427"
"File1_5133","File2_16438","0.94625"
"File1_4108","File2_2357","0.8111994448466672"
"File1_4440","File2_6783","0.91325"
"File1_4680","File2_10237","0.935"
"File1_3949","File2_0726","0.849292683945865"
"File1_4545","File2_8394","0.9365"
"File1_5341","File2_18073","0.94925"
"File1_4962","File2_14615","0.9477500000000001"
"File1_5636","File2_20490","0.7583333333333333"
"File1_4618","File2_9537","0.7171666666666666"
"File1_5185","File2_16772","0.93425"
"File1_5837","File2_22443","0.9332630420257918"
"File1_4143","File2_2933","0.9374110901150052"
"File1_5083","File2_16076","0.9500000000000001"
"File1_4050","File2_1663","0.7304999999999998"
"File1_5571","File2_19871","0.7038333333333333"
"File1_5938","File2_23374","0.9312209382438257"
"File1_3880","File2_0088","0.8302566988863518"
"File1_5875","File2_22849","0.799729591649305"
"File1_4367","File2_5894","0.9500000000000001"
"File1_5407","File2_18669","0.9098393793356513"
"File1_5636","File2_20491","0.7284999999999999"
"File1_4618","File2_9536","0.9237500000000001"
"File1_4722","File2_10634","0.7130548373764061"
"File1_5794","File2_22045","0.9377370598562642"
"File1_5227","File2_17051","0.9500000000000001"
"File1_4820","File2_12335","0.7739166666666667"
"File1_4317","File2_5352","0.7539999999999999"
"File1_4726","File2_10675","0.85175"
"File1_4599","File2_9246","0.9477500000000001"
"File1_3948","File2_0725","0.820222076922345"
"File1_5812","File2_22202","0.9326275806534771"
"File1_3992","File2_1059","0.7075385483062284"
"File1_5753","File2_21717","0.9500000000000001"
"File1_4860","File2_13191","0.7266666666666667"
"File1_5044","File2_15791","0.85"
"File1_4291","File2_5082","0.9500000000000001"
"File1_4306","File2_5253","0.9500000000000001"
"File1_4989","File2_14946","0.9500000000000001"
"File1_5887","File2_22920","0.9332484850234924"
"File1_5631","File2_20451","0.8912986990782332"
"File1_5305","File2_17771","0.9500000000000001"
"File1_4732","File2_10759","0.926"
"File1_5227","File2_17052","0.7399526874023643"
"File1_4820","File2_12338","0.9500000000000001"
"File1_4827","File2_12450","0.9127243463981661"
"File1_5405","File2_18621","0.9500000000000001"
"File1_4178","File2_3429","0.8079999999999999"
"File1_4808","File2_12078","0.81229"
"File1_5024","File2_15598","0.9500000000000001"
"File1_4962","File2_14618","0.7052499999999999"
"File1_4391","File2_6218","0.9380000000000001"
"File1_4618","File2_9533","0.7005833333333333"
"File1_5824","File2_22325","0.9499224190157517"
"File1_4653","File2_9977","0.9349999999999999"
"File1_4056","File2_1710","0.8145825804801665"
"File1_4722","File2_10632","0.9470000000000001"
"File1_4822","File2_12379","0.7058333333333333"
"File1_5798","File2_22087","0.9332851593388477"
"File1_4042","File2_1607","0.9206619237489516"
"File1_4828","File2_12454","0.9485"
"File1_5779","File2_21921","0.9499298045094869"
"File1_4395","File2_6257","0.7711991944556811"
"File1_4312","File2_5315","0.9500000000000001"
"File1_4514","File2_7985","0.9380000000000001"
"File1_5801","File2_22121","0.9499300713377409"
"File1_5196","File2_16855","0.926"
"File1_4851","File2_12917","0.94925"
"File1_3989","File2_1044","0.7828146327445502"
"File1_5159","File2_16583","0.9500000000000001"
"File1_4469","File2_7182","0.842"
"File1_5597","File2_20130","0.9500000000000001"
"File1_4995","File2_15078","0.7100000000000001"
"File1_4855","File2_13021","0.9500000000000001"
"File1_4494","File2_7700","0.93725"
"File1_5314","File2_17812","0.7040000000000001"
"File1_5111","File2_16277","0.9500000000000001"
"File1_4395","File2_6256","0.91175"
"File1_4583","File2_9065","0.9470000000000001"
"File1_4662","File2_10029","0.92525"
"File1_4574","File2_8815","0.938"
"File1_4660","File2_10023","0.875"
"File1_5158","File2_16583","0.7433333333333333"
"File1_5121","File2_16358","0.7126666666666667"
"File1_5923","File2_23300","0.930482396275891"
"File1_5597","File2_20131","0.7133333333333333"
"File1_4272","File2_4819","0.938"
"File1_4096","File2_2215","0.765990805813899"
"File1_5381","File2_18465","0.9500000000000001"
"File1_4107","File2_2352","0.7583219741586482"
"File1_5799","File2_22093","0.9188728168198138"
"File1_5112","File2_16279","0.9500000000000001"
"File1_5016","File2_15477","0.9500000000000001"
"File1_4495","File2_7702","0.9485"
"File1_5493","File2_19250","0.9500000000000001"
"File1_4878","File2_13483","0.9500000000000001"
"File1_5514","File2_19455","0.9485"
"File1_5915","File2_23227","0.9499555220293423"
"File1_4661","File2_10027","0.94925"
"File1_5232","File2_17058","0.9500000000000001"
"File1_5901","File2_23102","0.7146666666666667"
"File1_5124","File2_16353","0.7126666666666667"
"File1_4190","File2_3654","0.9500000000000001"
"File1_5891","File2_22964","0.7097916666666666"
"File1_5003","File2_15223","0.7236966661440188"
"File1_3887","File2_0137","0.8656605859127063"
"File1_3982","File2_1005","0.7817057572598923"
"File1_5158","File2_16586","0.7673333333333333"
"File1_5065","File2_15953","0.9500000000000001"
"File1_5565","File2_19842","0.825626806732085"
"File1_5566","File2_19843","0.8335310722745125"
"File1_4690","File2_10352","0.887"
"File1_4799","File2_11945","0.9325833333333333"
"File1_4761","File2_11319","0.911"
"File1_4815","File2_12245","0.7626666666666667"
"File1_5554","File2_19769","0.9500000000000001"
"File1_5354","File2_18185","0.9500000000000001"
"File1_4863","File2_13271","0.9500000000000001"
"File1_4050","File2_1662","0.927368327397195"
"File1_5737","File2_21590","0.9380000000000001"
"File1_3987","File2_1043","0.8651804708967585"
"File1_3983","File2_1007","0.8298243612895969"
"File1_5003","File2_15222","0.9500000000000001"
"File1_4095","File2_2214","0.8359621518250568"
"File1_5159","File2_16586","0.826"
"File1_4196","File2_3749","0.9500000000000001"
"File1_4911","File2_13971","0.9500000000000001"
"File1_4689","File2_10319","0.9357500000000001"
"File1_5866","File2_22719","0.9332837677983588"
"File1_5928","File2_23348","0.9499777610146719"
"File1_4798","File2_11941","0.9470000000000001"
"File1_4114","File2_2450","0.7804765688525771"
"File1_5121","File2_16353","0.9500000000000001"
"File1_4383","File2_6112","0.9485"
"File1_5592","File2_20087","0.9500000000000001"
"File1_4860","File2_13185","0.7926666666666667"
"File1_4298","File2_5167","0.764"
"File1_4840","File2_12704","0.9500000000000001"
"File1_5421","File2_18779","0.94625"
"File1_4908","File2_13942","0.7353333333333335"
"File1_4373","File2_5993","0.914"
"File1_4151","File2_3086","0.8102973553364412"
"File1_4795","File2_11857","0.9477500000000001"
"File1_5406","File2_18662","0.9500000000000001"
"File1_3930","File2_0572","0.7501932472983324"
"File1_5508","File2_19376","0.9327370705398657"
"File1_3931","File2_0573","0.8060310584401134"
"File1_4129","File2_2684","0.9500000000000001"
"File1_5080","File2_16044","0.94925"
"File1_3942","File2_0670","0.7342601126827815"
"File1_5121","File2_16354","0.8440275231418698"
"File1_4550","File2_8480","0.878"
"File1_5515","File2_19458","0.94925"
"File1_5307","File2_17778","0.94925"
"File1_5131","File2_16388","0.9500000000000001"
"File1_5270","File2_17499","0.94925"
"File1_4850","File2_12913","0.9500000000000001"
"File1_5655","File2_20872","0.9500000000000001"
"File1_5486","File2_19171","0.9500000000000001"
"File1_4340","File2_5610","0.7146666666666667"
"File1_5015","File2_15474","0.9500000000000001"
"File1_5590","File2_20084","0.9500000000000001"
"File1_5914","File2_23226","0.7888560924898997"
"File1_4973","File2_14816","0.9500000000000001"
"File1_4860","File2_13187","0.9500000000000001"
"File1_5293","File2_17659","0.7383576219833972"
"File1_4115","File2_2497","0.8187092332450594"
"File1_4129","File2_2687","0.7480000000000001"
"File1_5432","File2_18854","0.9500000000000001"
"File1_5283","File2_17575","0.9500000000000001"
"File1_4487","File2_7518","0.92525"
"File1_5054","File2_15875","0.9500000000000001"
"File1_4288","File2_5025","0.9492146169368257"
"File1_4642","File2_9871","0.7748333333333333"
"File1_5540","File2_19649","0.9500000000000001"
"File1_5124","File2_16358","0.9500000000000001"
"File1_5696","File2_21204","0.9500000000000001"
"File1_5914","File2_23225","0.9374583544185269"
"File1_5637","File2_20502","0.9423254664814401"
"File1_4551","File2_8481","0.92525"
"File1_5293","File2_17658","0.9380000000000001"
"File1_4398","File2_6346","0.9380000000000001"
"File1_5897","File2_23053","0.949879132977983"
"File1_5054","File2_15874","0.7540000000000001"
"File1_5238","File2_17188","0.7005833333333333"
"File1_4937","File2_14323","0.9500000000000001"
"File1_4782","File2_11687","0.9500000000000001"
"File1_5410","File2_18707","0.9488640930472193"
"File1_4390","File2_6210","0.7267234685608113"
"File1_4519","File2_8046","0.93575"
"File1_4766","File2_11397","0.9477500000000001"
"File1_5648","File2_20796","0.7073628886192628"
"File1_5898","File2_23057","0.7904990730206466"
"File1_4861","File2_13188","0.9500000000000001"
"File1_5697","File2_21208","0.93575"
"File1_5645","File2_20753","0.9500000000000001"
"File1_4606","File2_9392","0.89975"
"File1_4983","File2_14892","0.9500000000000001"
"File1_5831","File2_22355","0.9393057472299691"
"File1_4699","File2_10439","0.902"
"File1_4569","File2_8762","0.9024694576632415"
"File1_5315","File2_17815","0.9500000000000001"
"File1_4154","File2_3137","0.949202317080522"
"File1_5924","File2_23307","0.949889764930799"
"File1_4429","File2_6684","0.923"
"File1_5774","File2_21871","0.9092154367216413"
"File1_4394","File2_6255","0.8710833333333334"
"File1_4390","File2_6211","0.9485"
"File1_4504","File2_7792","0.7206666666666667"
"File1_5490","File2_19210","0.9380000000000001"
"File1_5703","File2_21279","0.938"
"File1_4578","File2_8864","0.938"
"File1_5373","File2_18347","0.9500000000000001"
"File1_5880","File2_22886","0.7160000000000001"
"File1_4613","File2_9485","0.9500000000000001"
"File1_4788","File2_11774","0.94925"
"File1_5721","File2_21384","0.9380000000000001"
"File1_5666","File2_20999","0.9500000000000001"
"File1_4000","File2_1139","0.7767099200035914"
"File1_5066","File2_15958","0.9405938868557145"
"File1_5761","File2_21797","0.91325"
"File1_4671","File2_10107","0.9349999999999999"
"File1_4343","File2_5619","0.9500000000000001"
"File1_5260","File2_17372","0.7210211100752494"
"File1_4405","File2_6443","0.9005"
"File1_4361","File2_5809","0.7373333333333333"
"File1_4578","File2_8863","0.7020833333333334"
"File1_4220","File2_4053","0.9500000000000001"
"File1_5645","File2_20751","0.7416666666666667"
"File1_5248","File2_17269","0.9500000000000001"
"File1_5247","File2_17268","0.9470000000000001"
"File1_4031","File2_1464","0.7468107928503986"
"File1_5721","File2_21385","0.7037356291118544"
"File1_4327","File2_5502","0.8118635730484622"
"File1_4577","File2_8862","0.88925"
"File1_5282","File2_17570","0.9365"
"File1_4631","File2_9686","0.9117500000000001"
"File1_4630","File2_9683","0.9109999999999999"
"File1_5662","File2_20956","0.8992646188903738"
"File1_4805","File2_11977","0.9470000000000001"
"File1_4504","File2_7794","0.91325"
"File1_4131","File2_2696","0.8862126323693869"
"File1_4120","File2_2597","0.9491274957105266"
"File1_4061","File2_1809","0.8526910454977464"
"File1_4569","File2_8761","0.9249675768030577"
"File1_3960","File2_0835","0.7296666666666667"
"File1_5130","File2_16385","0.9500000000000001"
"File1_5924","File2_23305","0.8333333333333334"
"File1_4856","File2_13060","0.9500000000000001"
"File1_5585","File2_20051","0.9500000000000001"
"File1_4327","File2_5501","0.9500000000000001"
"File1_4600","File2_9254","0.8765"
"File1_4195","File2_3743","0.9497776101467107"
"File1_4857","File2_13062","0.9327500000000001"
"File1_5576","File2_19928","0.9500000000000001"
"File1_5840","File2_22471","0.7478333333333333"
"File1_5694","File2_21193","0.9500000000000001"
"File1_4754","File2_11144","0.88625"
"File1_5367","File2_18301","0.8707974351521747"
"File1_5108","File2_16245","0.9500000000000001"
"File1_4200","File2_3790","0.9500000000000001"
"File1_4847","File2_12839","0.9500000000000001"
"File1_5811","File2_22199","0.9498929066731158"
"File1_3902","File2_0366","0.8142345154576984"
"File1_4768","File2_11485","0.8777035648228921"
"File1_5873","File2_22792","0.9299543496706391"
"File1_4604","File2_9390","0.88925"
"File1_4533","File2_8205","0.90125"
"File1_5064","File2_15952","0.9470000000000001"
"File1_4749","File2_11065","0.923"
"File1_5722","File2_21388","0.9484999999999997"
"File1_3946","File2_0716","0.9347571795423945"
"File1_4891","File2_13686","0.9500000000000001"
"File1_5840","File2_22470","0.9499332830440134"
"File1_5700","File2_21232","0.7223333333333334"
"File1_4768","File2_11484","0.802795257592493"
"File1_5891","File2_22963","0.9490948724944442"
"File1_5577","File2_19929","0.94925"
"File1_5051","File2_15830","0.9500000000000001"
"File1_4240","File2_4297","0.9491251486852416"
"File1_5316","File2_17813","0.7336036990491561"
"File1_3956","File2_0815","0.9500000000000001"
"File1_4768","File2_11487","0.7364629560809071"
"File1_5319","File2_17859","0.9380000000000001"
"File1_4296","File2_5127","0.9500000000000001"
"File1_4762","File2_11355","0.9470000000000001"
"File1_5180","File2_16731","0.935"
"File1_5071","File2_15983","0.9500000000000001"
"File1_4130","File2_2692","0.9500000000000001"
"File1_4607","File2_9393","0.9357499999999999"
"File1_4631","File2_9682","0.7959999999999999"
"File1_4479","File2_7416","0.8671373285710638"
"File1_4250","File2_4442","0.7433333333333333"
"File1_4998","File2_15125","0.9500000000000001"
"File1_4904","File2_13899","0.9470000000000001"
"File1_4892","File2_13689","0.9500000000000001"
"File1_5702","File2_21276","0.7580000000000001"
"File1_4342","File2_5615","0.9500000000000001"
"File1_5504","File2_19330","0.938"
"File1_4304","File2_5216","0.9380000000000001"
"File1_4439","File2_6782","0.9349999999999999"
"File1_4131","File2_2692","0.7083333333333333"
"File1_4993","File2_15035","0.9500000000000001"
"File1_4601","File2_9259","0.9372499999999999"
