File2_22155+File1_5808,0.0
File1_4202+File2_3865,0.125
File2_5610+File1_4340,0.125
File2_12379+File1_4822,0.14285714285714285
File2_12245+File1_4815,0.14285714285714285
File2_21276+File1_5702,0.14285714285714285
File2_11490+File1_4769,0.14285714285714285
File1_5691+File2_21175,0.14285714285714285
File1_5238+File2_17188,0.14285714285714285
File2_23102+File1_5901,0.14285714285714285
File1_5346+File2_18137,0.14285714285714285
File1_5553+File2_19760,0.14285714285714285
File1_5611+File2_20245,0.14285714285714285
File2_20247+File1_5612,0.14285714285714285
File1_5653+File2_20848,0.14285714285714285
File1_4603+File2_9326,0.14285714285714285
File2_18230+File1_5363,0.14285714285714285
File1_3932+File2_0585,0.14285714285714285
File1_5474+File2_19122,0.14285714285714285
File2_21290+File1_5709,0.14285714285714285
File1_4148+File2_3012,0.25
File2_16837+File1_5193,0.25
File2_21365+File1_5718,0.25
File1_5314+File2_17812,0.2857142857142857
File2_13942+File1_4908,0.2857142857142857
File1_4959+File2_14594,0.2857142857142857
File1_4221+File2_4060,0.2857142857142857
File2_18755+File1_5418,0.2857142857142857
File2_1854+File1_4065,0.2857142857142857
File1_5940+File2_23399+File2_23391,0.29166666666666663
File1_4995+File2_15078+File2_15085,0.3333333333333333
File1_4358+File2_5763,0.3333333333333333
File1_5389+File2_18530,0.375
File2_9666+File1_4629,0.375
File2_22221+File2_22225+File1_5815,0.38095238095238093
File3_0307+File1_3908+File2_0391,0.4074074074074074
File1_4746+File2_10985+File2_10977,0.4285714285714285
File1_4046+File2_1630,0.42857142857142855
File1_4115+File2_2497,0.42857142857142855
File1_5868+File2_22725,0.42857142857142855
File2_2215+File1_4096,0.42857142857142855
File1_3981+File2_0997,0.42857142857142855
File2_19706+File1_5549+File2_19714+File2_19713,0.42857142857142855
File3_0668+File2_12198+File2_12197,0.42857142857142855
File2_8907+File1_4579,0.42857142857142855
File2_1906+File1_4067,0.42857142857142855
File2_1313+File1_4018,0.42857142857142855
File2_0583+File1_3933,0.42857142857142855
File2_0384+File1_3904,0.42857142857142855
File2_12078+File1_4808,0.42857142857142855
File2_0478+File1_3918,0.42857142857142855
File2_8013+File3_0483+File2_8015+File2_8014,0.4444444444444444
File1_5159+File1_5158+File3_0900+File2_16579+File2_16586+File2_16583,0.4444444444444444
File1_5139+File2_16464+File2_16463,0.47619047619047616
File2_19869+File2_19874+File2_19862+File2_19871+File1_5571,0.4857142857142857
File2_0243+File1_3896,0.5
File2_0820+File1_3958,0.5
File2_9533+File1_4618+File1_4616+File2_9536+File2_9537,0.5142857142857143
File3_0768+File2_14847+File1_4976+File1_4979+File2_14860+File1_4978+File2_14861+File2_14848+File3_0775,0.5308641975308642
File1_5675+File2_21057+File2_21050+File2_21053,0.5357142857142857
File2_1378+File2_1379+File2_1376+File1_4019,0.5357142857142857
File1_5124+File2_16353+File2_16363,0.5416666666666666
File1_3960+File2_0840+File3_0251+File2_0835,0.5462962962962963
File2_2123+File1_4089,0.5714285714285714
File2_0194+File1_3891,0.5714285714285714
File1_3974+File2_0916,0.5714285714285714
File1_4049+File2_1657,0.5714285714285714
File2_2378+File1_4109,0.5714285714285714
File2_1673+File1_4052,0.5714285714285714
File1_5941+File2_23404,0.5714285714285714
File1_4311+File2_5303,0.5714285714285714
File2_0357+File1_3901,0.5714285714285714
File2_1616+File1_4043,0.5714285714285714
File1_3931+File2_0573,0.5714285714285714
File1_4110+File2_2406,0.5714285714285714
File1_3930+File2_0572,0.5714285714285714
File2_17487+File1_5266,0.5714285714285714
File2_2082+File1_4086,0.5714285714285714
File1_4026+File2_1431,0.5714285714285714
File1_4080+File2_2043,0.5714285714285714
File2_2357+File1_4108,0.5714285714285714
File2_1059+File1_3992,0.5714285714285714
File2_2104+File1_4088,0.5714285714285714
File1_4293+File2_5094,0.5714285714285714
File2_10982+File1_4745,0.5714285714285714
File1_4058+File2_1762,0.5714285714285714
File1_3951+File2_0744,0.5714285714285714
File1_4029+File2_1449,0.5714285714285714
File1_3881+File2_0097,0.5714285714285714
File1_4002+File2_1156,0.5714285714285714
File1_3895+File2_0229+File2_0218+File2_0228,0.5714285714285714
File1_4013+File2_1284,0.5714285714285714
File2_21860+File2_21856+File1_5771+File2_21859,0.5714285714285714
File2_4450+File2_4453+File2_4442+File1_4250+File2_4449,0.5714285714285714
File2_0127+File1_3886+File2_0128,0.5833333333333333
File1_3982+File2_1005+File3_0247,0.5925925925925926
File1_5899+File3_1201+File2_23067,0.5925925925925926
File2_21232+File2_21246+File1_5700+File2_21239,0.6071428571428571
File2_4030+File1_4218+File1_4217+File3_0100+File2_4029,0.6111111111111112
File2_20596+File2_20597+File2_20498+File1_5636+File2_20601+File3_1079+File2_20490+File2_20491,0.6170634920634921
File2_18488+File2_18495+File1_5384,0.619047619047619
File3_0929+File2_17386+File2_17387,0.619047619047619
File2_19143+File1_5481+File2_19146,0.619047619047619
File1_4475+File2_7343+File2_7335,0.619047619047619
File2_10366+File2_10369+File1_4693,0.619047619047619
File1_5262+File2_17452+File2_17450,0.619047619047619
File2_3845+File3_0102,0.625
File1_3969+File2_0888,0.625
File2_19990+File3_1092,0.625
File2_0543+File1_3928,0.625
File1_3885+File2_0110,0.625
File2_0012+File1_3875,0.625
File2_1490+File1_4032,0.625
File1_5875+File2_22849,0.625
File2_7692+File3_0430,0.625
File2_22892+File1_5879+File2_22886+File2_22887+File1_5880,0.6285714285714287
File1_4643+File2_9897+File2_9898+File2_9896+File1_4644,0.6285714285714287
File2_9552+File1_4620+File2_9553+File2_9554,0.6428571428571429
File1_4841+File1_4842+File2_12715+File2_12719,0.6428571428571429
File2_9231+File2_9220+File1_4596+File2_9224,0.6428571428571429
File3_0659+File2_14034+File2_14035+File3_0660+File1_4918+File1_4917,0.6481481481481481
File1_5456+File1_5455+File2_19020+File3_1021+File1_5458+File3_1014+File2_19016+File2_19017+File2_19015,0.6613756613756614
File1_4744+File2_10978,0.6666666666666666
File1_4004+File2_1176+File3_0089,0.6666666666666666
File2_16442+File1_5134+File2_16441,0.6666666666666666
File1_4193+File2_3716,0.6666666666666666
File1_4885+File2_13588+File2_13585,0.6666666666666666
File1_3973+File2_0912,0.6666666666666666
File2_5524+File1_4330,0.6666666666666666
File2_19627+File1_5535+File2_19630,0.6666666666666666
File1_5309+File2_17793+File2_17791,0.6666666666666666
File2_4721+File2_4723+File1_4262,0.6666666666666666
File1_3987+File3_0250+File2_1043,0.6666666666666666
File2_6608+File1_4422+File2_6610,0.6666666666666666
File3_0725+File1_4920+File2_14046,0.6666666666666666
File1_4778+File2_11634+File2_11632+File3_0587,0.6759259259259259
File2_10001+File3_0608+File2_9998+File3_0546,0.6785714285714286
File2_11487+File2_11485+File1_4768+File2_11484,0.6785714285714286
File2_16914+File1_5205+File2_16917+File2_16918,0.6785714285714286
File2_14921+File2_14922+File1_4988+File2_14925,0.6785714285714286
File2_19745+File2_19744+File2_19743+File1_5550,0.6875
File1_4005+File2_1179+File3_1494+File3_1493,0.6875
File1_5756+File2_21737+File2_21736+File2_21739,0.6875
File3_0878+File1_5124+File2_16358+File3_0883+File2_16354+File1_5121+File2_16353+File2_16363,0.6898148148148148
File3_1033+File2_18558+File1_5393+File2_18557+File2_18552+File2_18561,0.6925925925925926
File2_22144+File1_5804+File2_22143+File2_22142,0.6944444444444444
File2_15875+File2_15874+File3_0841+File1_5054,0.6944444444444444
File2_10012+File2_10007+File1_4656+File2_10008+File3_0535,0.7
File3_0270+File2_2567+File1_4118,0.7037037037037037
File2_0539+File3_0238+File1_3927,0.7037037037037037
File2_8693+File3_0485+File1_4562,0.7037037037037037
File1_4711+File2_10527+File2_10528+File2_10525+File2_10526,0.711111111111111
File2_21808+File1_5763+File3_1130+File2_21805+File2_21807,0.711111111111111
File1_5731+File2_21499+File2_21502+File3_1151,0.712962962962963
File1_4266+File2_4730+File2_4731+File2_4732+File1_4265,0.7142857142857142
File2_8318+File2_8316+File1_4540,0.7142857142857143
File2_21286+File1_5706+File2_21284,0.7142857142857143
File1_3884+File2_0105,0.7142857142857143
File2_2176+File1_4093,0.7142857142857143
File2_3349+File1_4168,0.7142857142857143
File2_20414+File1_5627+File2_20408,0.7142857142857143
File1_4103+File2_2296,0.7142857142857143
File2_18449+File1_5380,0.7142857142857143
File2_1146+File1_4001,0.7142857142857143
File2_0166+File2_0165+File1_3889,0.7142857142857143
File2_21797+File1_5761,0.7142857142857143
File1_4073+File2_1967,0.7142857142857143
File1_3898+File2_0298,0.7142857142857143
File2_20212+File1_5606,0.7142857142857143
File1_4258+File2_4669,0.7142857142857143
File2_19108+File2_19106+File1_5472,0.7142857142857143
File2_20451+File1_5631,0.7142857142857143
File1_4119+File2_2575,0.7142857142857143
File2_7960+File1_4513,0.7142857142857143
File2_2531+File1_4116,0.7142857142857143
File2_21199+File1_5695+File2_21195,0.7142857142857143
File2_1524+File1_4034,0.7142857142857143
File2_2078+File1_4084,0.7142857142857143
File2_2242+File1_4099,0.7142857142857143
File1_4040+File2_1591,0.7142857142857143
File1_4697+File2_10422+File2_10423,0.7142857142857143
File2_18669+File1_5407,0.7142857142857143
File2_23353+File1_5929,0.7142857142857143
File2_9254+File1_4600,0.7142857142857143
File2_10584+File1_4719,0.7142857142857143
File1_4027+File2_1432,0.7142857142857143
File2_2938+File1_4143+File2_2933,0.7142857142857143
File2_5167+File1_4298,0.7142857142857143
File1_4139+File2_2890,0.7142857142857143
File1_4445+File2_6821,0.7142857142857143
File2_0183+File1_3890,0.7142857142857143
File2_10036+File3_0550,0.7142857142857143
File2_20131+File1_5597+File2_20130,0.7142857142857143
File2_20123+File1_5595,0.7142857142857143
File2_4729+File1_4264+File2_4735,0.7142857142857143
File2_3770+File1_4198,0.7142857142857143
File2_1139+File1_4000,0.7142857142857143
File1_4085+File2_2081,0.7142857142857143
File2_7992+File1_4516,0.7142857142857143
File2_1464+File1_4031,0.7142857142857143
File2_15973+File3_0837,0.7142857142857143
File2_4983+File1_4285,0.7142857142857143
File2_2343+File1_4105,0.7142857142857143
File2_20956+File1_5662,0.7142857142857143
File1_4047+File2_1635,0.7142857142857143
File1_3909+File2_0394,0.7142857142857143
File2_4909+File1_4281,0.7142857142857143
File1_3897+File2_0280,0.7142857142857143
File1_4083+File2_2075,0.7142857142857143
File2_5017+File1_4287,0.7142857142857143
File2_1961+File1_4071,0.7142857142857143
File1_5509+File2_19401,0.7142857142857143
File1_3997+File2_1084,0.7142857142857143
File1_4068+File2_1919,0.7142857142857143
File2_8651+File1_4559,0.7142857142857143
File2_0798+File1_3953,0.7142857142857143
File2_10079+File2_10088+File1_4669,0.7142857142857143
File2_13229+File3_0646,0.7142857142857143
File1_4094+File2_2191,0.7142857142857143
File2_9533+File1_4616+File2_9536,0.7142857142857143
File2_7454+File1_4480,0.7142857142857143
File1_4114+File2_2450,0.7142857142857143
File1_5720+File2_21368+File2_21367+File1_5719,0.71875
File3_1198+File1_5856+File2_22612+File3_1195+File3_1212+File3_1215+File2_22609,0.724867724867725
File1_4698+File1_4697+File2_10424+File2_10422+File2_10423,0.725
File1_4317+File2_5352+File1_4316+File2_5354+File3_0376,0.725
File3_1242+File1_5877+File2_22868+File2_22869,0.7291666666666666
File3_0112+File2_4446+File2_4447+File2_4448,0.7291666666666666
File2_2696+File2_2692+File3_1542+File1_4131+File1_4130,0.7333333333333333
File1_4741+File2_10907+File3_0579+File3_0513+File2_10903,0.7333333333333333
File1_4357+File2_5762+File1_4358+File3_0392+File2_5763+File2_5764+File2_5765+File2_5767,0.7361111111111112
File2_15507+File2_15506+File1_5019+File2_15514+File3_0853,0.7374999999999999
File1_4224+File1_4223+File2_4096+File2_4097+File2_4099+File3_1501,0.7375
File3_0617+File2_10391+File2_10394+File2_10393,0.7380952380952381
File3_0091+File2_1706+File2_1704+File1_4054,0.7395833333333334
File1_4321+File2_5375+File3_0315,0.7407407407407407
File2_15441+File1_5013+File3_0851,0.7407407407407407
File2_19858+File2_19857+File1_5570+File3_1068,0.7407407407407408
File1_4588+File2_9144+File3_0454,0.7407407407407408
File2_22334+File2_22336+File1_5826+File3_1178,0.7407407407407408
File2_13191+File1_4860+File2_13187+File3_0695+File2_13185,0.7428571428571429
File3_1229+File1_5911+File2_23209,0.75
File1_4871+File2_13423+File2_13424+File3_0699,0.75
File1_4665+File2_10041,0.75
File2_21037+File3_1147,0.75
File2_0388+File1_3906,0.75
File1_4365+File2_5866,0.75
File1_4214+File2_4010,0.75
File1_4753+File2_11101,0.75
File1_5614+File2_20270,0.75
File3_0080+File2_0725+File1_3948,0.75
File1_4500+File2_7740+File2_7741+File3_0346,0.75
File1_4809+File3_0666+File2_12120,0.75
File2_13424+File3_0699,0.75
File2_10870+File1_4738,0.75
File2_10685+File1_4728,0.75
File1_4009+File2_1209+File3_1368,0.75
File3_1242+File2_22868,0.75
File2_11652+File2_11651+File1_4779+File2_11655,0.75
File3_0087+File2_1293,0.75
File2_2214+File1_4095,0.75
File2_1045+File1_3990+File3_0248,0.75
File2_0017+File1_3876,0.75
File1_3893+File2_0197,0.75
File2_14363+File1_4939+File3_0764,0.75
File2_7023+File2_7022+File2_7025+File1_4459,0.75
File2_8863+File2_8864+File1_4578,0.75
File2_7028+File1_4461,0.75
File1_4348+File2_5651+File2_5653,0.7619047619047619
File2_12970+File2_12976+File1_4853,0.7619047619047619
File3_1070+File1_5603+File2_20190,0.7619047619047619
File1_4157+File2_3162+File2_3161,0.7619047619047619
File1_4178+File2_3424+File2_3429,0.7619047619047619
File2_7792+File1_4504+File2_7794,0.7619047619047619
File2_16390+File2_16388+File1_5131,0.7619047619047619
File2_3139+File2_3137+File1_4154,0.7619047619047619
File2_19022+File1_5459+File2_19024,0.7619047619047619
File2_6552+File1_4419+File2_6549,0.7619047619047619
File3_1172+File2_21907+File1_5777,0.7619047619047619
File1_5857+File2_22633+File2_22623,0.7619047619047619
File2_11740+File3_0637+File1_4784+File2_11743,0.7619047619047619
File2_20751+File1_5645+File2_20753,0.7619047619047619
File2_23137+File1_5905+File2_23133,0.7619047619047619
File2_16229+File1_5106+File3_0885+File2_16231,0.7619047619047619
File2_4738+File1_4267+File2_4743,0.7619047619047619
File2_18526+File2_18524+File1_5387,0.7619047619047619
File2_13843+File2_13844+File1_4901,0.7619047619047619
File1_4381+File2_6080+File2_6081,0.7619047619047619
File1_4962+File2_14615+File2_14618,0.7619047619047619
File2_13181+File2_13179+File1_4858,0.7619047619047619
File3_0092+File2_1781+File3_0261+File1_4060,0.7685185185185185
File3_0790+File2_14518+File2_14519+File1_4949,0.7685185185185186
File3_0979+File2_18163+File2_18164+File1_5351,0.7708333333333333
File2_19381+File3_1030+File2_19379+File2_19386,0.7708333333333334
File1_4877+File1_4876+File2_13472+File2_13473+File2_13474,0.7714285714285714
File1_4772+File3_0586+File2_11517+File2_11516,0.7738095238095237
File2_15978+File1_5071+File2_15983+File3_0843,0.7738095238095237
File1_5830+File2_22345+File2_22347+File2_22346+File3_1204,0.7749999999999999
File2_16035+File1_5077+File2_16034+File3_0830+File2_16033,0.7777777777777777
File1_5856+File3_1212+File3_1215+File2_22609,0.7777777777777778
File2_22237+File1_5816+File3_1189,0.7777777777777778
File2_23255+File3_1246+File3_1245+File1_5917,0.7777777777777778
File2_14479+File3_0795+File1_4945,0.7777777777777778
File2_21155+File3_1152+File1_5689,0.7777777777777778
File3_0877+File2_16452,0.7777777777777778
File3_0531+File2_10239,0.7777777777777778
File2_6592+File3_0414,0.7777777777777778
File1_4884+File3_0701+File2_13553,0.7777777777777778
File3_0959+File2_17586+File3_0986+File3_0962+File1_5285,0.7777777777777778
File1_4438+File2_6779,0.7777777777777778
File1_5226+File1_5224+File2_17041+File3_0905+File2_17044,0.7777777777777778
File3_0316+File2_5127+File1_4296+File3_0456,0.7777777777777778
File3_1084+File1_5544+File3_1052+File3_1106+File2_19662,0.7777777777777778
File2_14005+File2_14006+File1_4915+File1_4914+File3_0656,0.7777777777777778
File2_13403+File2_13404+File3_0702+File1_4870,0.7777777777777778
File3_0074+File2_0570+File1_3929,0.7777777777777778
File1_4687+File2_10289+File2_10295,0.7777777777777779
File2_19649+File3_1087+File2_19648+File1_5540+File2_19651,0.78125
File2_8076+File1_4520+File2_8072+File2_8075,0.78125
File2_7005+File1_4457+File2_7004+File2_6998,0.78125
File2_10237+File2_10238+File3_0531+File2_10239+File1_4680,0.7833333333333332
File2_22741+File2_22743+File2_22742+File3_1241+File2_22748+File1_5871,0.7833333333333333
File1_5424+File1_5425+File2_18798+File2_18808,0.7857142857142857
File2_14863+File2_14874+File1_4980,0.7916666666666666
File3_0627+File1_4773+File2_11536+File2_11534,0.7916666666666666
File2_23300+File1_5923+File3_1273+File2_23298,0.7916666666666666
File3_1093+File2_19978+File1_5579+File2_19982,0.7916666666666666
File2_4297+File3_0293+File1_4240,0.7916666666666666
File1_3919+File2_0495+File3_1486,0.7916666666666666
File1_5204+File2_16924+File2_16920,0.7916666666666666
File1_4333+File3_0388+File2_5546,0.7916666666666666
File2_19381+File3_1030+File1_5508+File2_19379+File2_19386+File2_19376,0.7916666666666666
File1_5934+File3_1275+File2_23361,0.7916666666666666
File3_1094+File1_5569+File2_19855,0.7916666666666666
File3_0802+File1_4997+File2_15117,0.7916666666666666
File2_22963+File2_22964+File3_1221+File1_5891,0.7916666666666666
File1_4775+File2_11546+File3_0581,0.7916666666666666
File1_3986+File2_1025+File3_0086,0.7916666666666666
File1_5533+File3_1083+File2_19599+File2_19596,0.7962962962962963
File2_21289+File2_21288+File3_1156+File1_5708,0.7962962962962963
File3_0648+File1_4882+File2_13532+File3_0698,0.7962962962962963
File2_16569+File1_5156+File2_16570+File3_0940,0.7962962962962963
File2_14573+File2_14574+File1_4956+File3_0799,0.8020833333333334
File1_4855+File2_13016+File2_13021+File3_0644,0.8020833333333334
File2_18185+File2_18182+File3_0969+File1_5354,0.8020833333333334
File3_1162+File1_5705+File2_21281+File2_21283,0.8020833333333334
File1_4424+File2_6641+File3_0332+File2_6645,0.8055555555555556
File2_12448+File1_4826+File3_0672+File3_0682,0.8055555555555556
File1_5840+File3_1187+File2_22469+File2_22471+File2_22470,0.8062499999999999
File2_23057+File1_5898+File3_1224+File2_23063+File3_1225,0.8074074074074074
File1_5439+File2_18877+File3_1047,0.8095238095238094
File1_5303+File2_17753+File2_17752,0.8095238095238094
File2_13917+File2_13919+File3_0732+File1_4906,0.8095238095238094
File1_5874+File2_22828+File3_1214,0.8095238095238094
File1_5566+File3_1088+File2_19843,0.8095238095238094
File1_5003+File2_15222+File2_15223,0.8095238095238094
File2_22266+File2_22267+File1_5818,0.8095238095238094
File1_4025+File1_4024+File3_0311+File2_1419+File2_1417,0.8111111111111111
File2_9222+File3_0360+File2_9219+File1_4593,0.8125
File2_4616+File1_4256+File2_4618+File3_0296,0.8125
File3_0504+File3_0618+File1_4699+File2_10439,0.8125
File2_12412+File2_12411+File2_12410+File2_12414+File3_0690+File2_12413+File1_4825+File1_4824,0.8137755102040816
File1_5004+File2_15244+File3_0783+File3_0809,0.8148148148148148
File1_5863+File2_22700+File3_1200,0.8148148148148148
File2_1396+File1_4020+File3_0312,0.8148148148148148
File1_4324+File2_5398+File3_0322,0.8148148148148148
File3_1051+File1_5537+File2_19632,0.8148148148148148
File2_12873+File1_4848+File3_0643,0.8148148148148148
File1_3888+File2_0142+File3_0236,0.8148148148148148
File2_1942+File1_4070+File3_0266,0.8148148148148148
File3_0073+File2_0086+File1_3879,0.8148148148148148
File2_0356+File3_0075+File1_3900,0.8148148148148148
File2_4949+File3_0366+File1_4284,0.8148148148148148
File1_4355+File3_0383+File2_5732,0.8148148148148148
File1_5546+File2_19678+File2_19676,0.8148148148148148
File1_4723+File2_10643+File3_0557,0.8148148148148149
File2_11620+File2_11621+File3_0628,0.8148148148148149
File2_11794+File2_11791+File1_4790,0.8148148148148149
File2_9871+File1_4642+File3_0549+File2_9869,0.8148148148148149
File2_20890+File2_20892+File1_5656+File3_1103+File3_1105,0.81875
File2_16140+File1_5091+File3_0848+File2_16141,0.8214285714285714
File2_19802+File1_5557+File3_1085+File2_19801,0.8229166666666666
File1_4008+File3_0088+File2_1206+File2_1207,0.8240740740740741
File2_10276+File2_10270+File1_4683+File3_0545,0.8240740740740741
File1_5038+File2_15743+File2_15744+File3_0815+File3_0864,0.825
File3_0082+File2_0620+File1_3937,0.8333333333333333
File2_18073+File3_0993+File1_5341,0.8333333333333333
File1_4640+File2_9862+File2_9863,0.8333333333333333
File2_3369+File3_0097+File1_4172,0.8333333333333333
File1_5855+File2_22602+File2_22604,0.8333333333333333
File2_1079+File3_0085+File1_3996,0.8333333333333333
File2_5266+File1_4307+File3_0369,0.8333333333333333
File2_9596+File2_9594+File2_9600+File1_4623+File2_9599+File2_9593,0.8333333333333333
File1_4288+File2_5025+File3_0367,0.8333333333333333
File1_5786+File2_21987+File3_1166,0.8333333333333333
File3_0719+File2_13151+File2_13152,0.8333333333333333
File1_5417+File2_18757+File3_1012,0.8333333333333334
File1_4313+File2_5330+File2_5329,0.8333333333333334
File2_2687+File1_4129+File2_2684+File3_0095,0.8333333333333334
File2_12548+File1_4831+File3_0639+File2_12550,0.8333333333333334
File2_23109+File1_5902+File2_23110+File3_1203,0.8333333333333334
File2_12335+File2_12338+File1_4820+File3_0678,0.8333333333333334
File1_4038+File2_1544+File3_0262,0.8333333333333334
File2_19990+File3_1092+File2_19989+File1_5580,0.8333333333333334
File3_1495+File2_1498+File1_4033,0.8333333333333334
File2_21092+File3_1146+File1_5683,0.8333333333333334
File1_5831+File2_22356+File2_22355+File3_1237,0.8333333333333334
File3_0490+File1_4631+File2_9682+File2_9686+File2_9687,0.8375
File1_5237+File2_17084+File3_0946+File3_0945+File3_0911+File3_0955+File3_0910+File3_0949+File3_0927+File3_0926+File3_0947+File3_0909+File3_0952+File3_0951,0.8404558404558404
File2_11620+File1_4777+File2_11621+File3_0628+File2_11619+File2_11618,0.8407407407407408
File1_5566+File1_5565+File3_1088+File2_19843+File2_19842,0.8428571428571429
File2_5827+File2_5828+File3_0326+File1_4363,0.84375
File3_0779+File1_4981+File2_14886+File2_14887,0.84375
File1_4332+File2_5530+File2_5533+File2_5534,0.84375
File2_10001+File3_0608+File1_4655+File2_9998+File2_9999+File3_0546,0.8452380952380952
File2_7692+File2_7694+File2_7693+File3_0430+File1_4493,0.85
File3_1271+File2_23305+File2_23306+File2_23307+File1_5924,0.85
File3_1213+File1_5859+File2_22639+File3_1199+File3_1216,0.85
File3_1032+File2_18574+File1_5397,0.8518518518518517
File3_0789+File2_14576+File1_4957,0.8518518518518517
File1_4213+File2_3997+File3_0106,0.8518518518518517
File3_0987+File2_17445+File1_5261+File3_0963,0.8518518518518517
File1_5514+File3_1048+File2_19455,0.8518518518518517
File1_4101+File2_2285+File3_0268,0.8518518518518517
File3_0528+File1_4614+File2_9502,0.8518518518518517
File2_1662+File2_1663+File3_0260+File1_4050,0.8518518518518517
File1_5311+File2_17800+File3_0982,0.8518518518518517
File3_0751+File1_4929+File2_14196,0.8518518518518517
File1_4024+File3_0311+File2_1417,0.8518518518518517
File1_4367+File3_0394+File2_5894,0.8518518518518517
File3_0395+File1_4369+File2_5920,0.8518518518518517
File3_0616+File2_10352+File1_4690,0.8518518518518519
File2_11144+File3_0519+File1_4754,0.8518518518518519
File2_5660+File1_4349+File3_0321,0.8518518518518519
File3_0071+File1_3882+File2_0101,0.8518518518518519
File2_5707+File3_0386+File1_4353,0.8518518518518519
File1_5861+File2_22669+File3_1211,0.8518518518518519
File1_5463+File2_19045+File3_1038,0.8518518518518519
File3_0319+File2_5361+File1_4318,0.8518518518518519
File3_0461+File2_6221+File1_4392,0.8518518518518519
File3_0571+File1_4749+File2_11065,0.8518518518518519
File2_1398+File2_1399+File3_0256+File1_4021,0.8518518518518519
File3_0978+File1_5323+File2_17893,0.8518518518518519
File2_5675+File1_4350+File3_0389,0.8518518518518519
File1_4413+File2_6520+File3_0337,0.8518518518518519
File3_0363+File1_4595+File2_9230,0.8518518518518519
File1_5648+File2_20796+File3_1104,0.8518518518518519
File1_3983+File2_1007+File3_1492,0.8518518518518519
File3_0768+File2_14847+File1_4976,0.8518518518518519
File3_1098+File2_20699+File2_20700+File3_1102+File1_5640,0.8537037037037037
File1_4651+File2_9950+File2_9949+File3_0501+File2_9948,0.8555555555555555
File2_4893+File1_4280,0.8571428571428571
File1_5270+File2_17499,0.8571428571428571
File1_5026+File2_15651,0.8571428571428571
File2_15810+File1_5050,0.8571428571428571
File2_13512+File1_4881,0.8571428571428571
File2_19502+File1_5519,0.8571428571428571
File1_5403+File2_18614+File3_1008,0.8571428571428571
File1_4182+File2_3491,0.8571428571428571
File2_12146+File1_4811,0.8571428571428571
File2_15689+File1_5031,0.8571428571428571
File1_4156+File2_3158,0.8571428571428571
File1_4233+File2_4235,0.8571428571428571
File1_4269+File2_4749,0.8571428571428571
File1_5394+File2_18553,0.8571428571428571
File1_4104+File2_2341,0.8571428571428571
File1_4117+File2_2537,0.8571428571428571
File2_8269+File1_4535,0.8571428571428571
File1_5663+File2_20968,0.8571428571428571
File2_15580+File1_5022,0.8571428571428571
File2_18212+File1_5362,0.8571428571428571
File2_7781+File1_4503,0.8571428571428571
File1_4689+File3_0564+File2_10319,0.8571428571428571
File2_22045+File1_5794,0.8571428571428571
File2_3474+File1_4181,0.8571428571428571
File1_4606+File2_9392,0.8571428571428571
File1_5333+File2_17990,0.8571428571428571
File2_17528+File1_5276,0.8571428571428571
File2_1710+File1_4056,0.8571428571428571
File1_4263+File2_4725,0.8571428571428571
File1_5652+File2_20838,0.8571428571428571
File1_4685+File2_10273,0.8571428571428571
File2_9050+File1_4582,0.8571428571428571
File2_22970+File1_5892,0.8571428571428571
File1_4134+File2_2768,0.8571428571428571
File2_22269+File1_5819,0.8571428571428571
File2_19638+File3_1053,0.8571428571428571
File1_4431+File2_6694,0.8571428571428571
File1_4533+File2_8205,0.8571428571428571
File2_11687+File1_4782,0.8571428571428571
File2_10099+File1_4670,0.8571428571428571
File1_5148+File2_16531,0.8571428571428571
File1_4647+File2_9910,0.8571428571428571
File1_4378+File2_6055,0.8571428571428571
File1_4598+File2_9238,0.8571428571428571
File1_4125+File2_2628,0.8571428571428571
File2_3743+File1_4195,0.8571428571428571
File1_4505+File2_7803,0.8571428571428571
File1_5506+File2_19345,0.8571428571428571
File1_4854+File2_13011,0.8571428571428571
File2_9485+File1_4613,0.8571428571428571
File1_5910+File2_23204,0.8571428571428571
File2_0397+File1_3910+File2_0398,0.8571428571428571
File1_4774+File2_11544,0.8571428571428571
File1_5635+File2_20489,0.8571428571428571
File1_4797+File2_11928,0.8571428571428571
File2_23194+File1_5907,0.8571428571428571
File2_16972+File1_5210,0.8571428571428571
File2_18987+File1_5452,0.8571428571428571
File1_4371+File2_5941,0.8571428571428571
File1_4794+File2_11828,0.8571428571428571
File2_8479+File1_4550+File2_8480,0.8571428571428571
File1_3892+File2_0195,0.8571428571428571
File2_10583+File1_4718,0.8571428571428571
File1_4730+File2_10722,0.8571428571428571
File3_0860+File2_15671,0.8571428571428571
File1_4162+File2_3251,0.8571428571428571
File1_5125+File2_16373,0.8571428571428571
File1_5345+File2_18112,0.8571428571428571
File2_16946+File1_5207,0.8571428571428571
File2_8449+File1_4549,0.8571428571428571
File2_4294+File1_4239,0.8571428571428571
File2_6684+File1_4429,0.8571428571428571
File1_4128+File2_2671,0.8571428571428571
File1_5654+File2_20859,0.8571428571428571
File2_18688+File2_18689+File1_5408,0.8571428571428571
File1_4783+File2_11706+File3_0521,0.8571428571428571
File2_4716+File1_4261,0.8571428571428571
File2_6255+File1_4394,0.8571428571428571
File2_20087+File1_5592,0.8571428571428571
File1_5421+File2_18779,0.8571428571428571
File1_5457+File2_19018,0.8571428571428571
File1_5236+File2_17081,0.8571428571428571
File1_5784+File2_21967,0.8571428571428571
File1_4883+File2_13540,0.8571428571428571
File2_3525+File1_4183,0.8571428571428571
File1_4568+File2_8752,0.8571428571428571
File2_5370+File1_4320,0.8571428571428571
File2_18978+File2_18977+File1_5450,0.8571428571428571
File1_5752+File2_21714,0.8571428571428571
File1_4151+File2_3086,0.8571428571428571
File1_3976+File2_0946,0.8571428571428571
File1_4543+File2_8351+File2_8352,0.8571428571428571
File2_21388+File1_5722,0.8571428571428571
File1_4310+File2_5301,0.8571428571428571
File2_3684+File1_4192,0.8571428571428571
File1_4823+File2_12385,0.8571428571428571
File2_9112+File1_4585,0.8571428571428571
File1_4455+File2_6967,0.8571428571428571
File2_21027+File1_5669,0.8571428571428571
File1_5758+File2_21766,0.8571428571428571
File1_4567+File2_8718,0.8571428571428571
File2_10634+File1_4722+File2_10632,0.8571428571428571
File1_4761+File2_11319,0.8571428571428571
File1_4846+File2_12782,0.8571428571428571
File2_18208+File1_5359,0.8571428571428571
File2_21110+File1_5685,0.8571428571428571
File2_4454+File1_4251,0.8571428571428571
File1_4401+File2_6384,0.8571428571428571
File2_22320+File1_5823,0.8571428571428571
File2_6916+File1_4452,0.8571428571428571
File2_18031+File1_5337,0.8571428571428571
File2_18882+File2_18883+File1_5440,0.8571428571428571
File1_4382+File2_6092,0.8571428571428571
File2_19646+File1_5539,0.8571428571428571
File1_3950+File2_0740,0.8571428571428571
File1_5140+File2_16471,0.8571428571428571
File2_16958+File1_5209,0.8571428571428571
File2_0726+File1_3949,0.8571428571428571
File2_2760+File1_4133,0.8571428571428571
File2_9178+File1_4590,0.8571428571428571
File2_15952+File1_5064,0.8571428571428571
File1_5060+File2_15929,0.8571428571428571
File1_5799+File2_22093+File2_22094,0.8571428571428571
File2_19834+File1_5562,0.8571428571428571
File1_3914+File2_0459,0.8571428571428571
File2_3366+File1_4171,0.8571428571428571
File1_3883+File2_0104,0.8571428571428571
File1_4907+File2_13926,0.8571428571428571
File2_16678+File1_5175,0.8571428571428571
File1_4077+File2_2009,0.8571428571428571
File1_3995+File2_1073,0.8571428571428571
File2_2915+File1_4141,0.8571428571428571
File1_5058+File2_15926,0.8571428571428571
File2_16025+File1_5074,0.8571428571428571
File2_3396+File1_4174,0.8571428571428571
File1_4326+File2_5449,0.8571428571428571
File2_18707+File1_5410,0.8571428571428571
File1_5413+File2_18719,0.8571428571428571
File1_5446+File2_18941+File2_18940,0.8571428571428571
File1_5852+File2_22564+File3_1191,0.8571428571428571
File1_3962+File2_0848,0.8571428571428571
File1_5366+File2_18286,0.8571428571428571
File2_11954+File1_4802,0.8571428571428571
File2_17008+File1_5217+File2_17009,0.8571428571428571
File2_10376+File1_4694,0.8571428571428571
File1_4899+File2_13786,0.8571428571428571
File2_19819+File1_5560,0.8571428571428571
File1_5724+File2_21406,0.8571428571428571
File1_5548+File2_19697,0.8571428571428571
File2_13060+File1_4856,0.8571428571428571
File1_5532+File2_19598,0.8571428571428571
File2_11774+File1_4788,0.8571428571428571
File1_4200+File2_3790,0.8571428571428571
File2_1201+File1_4006,0.8571428571428571
File1_4767+File2_11471,0.8571428571428571
File2_1809+File1_4061,0.8571428571428571
File2_19838+File1_5563,0.8571428571428571
File2_2788+File1_4135,0.8571428571428571
File1_5180+File2_16731,0.8571428571428571
File2_2888+File2_2887+File1_4138,0.8571428571428571
File2_6783+File1_4440,0.8571428571428571
File1_5338+File2_18048,0.8571428571428571
File1_4911+File2_13971,0.8571428571428571
File1_4014+File2_1290,0.8571428571428571
File2_10056+File1_4666,0.8571428571428571
File1_4857+File2_13062,0.8571428571428571
File2_22027+File1_5789,0.8571428571428571
File1_3894+File2_0222,0.8571428571428571
File2_14548+File1_4952,0.8571428571428571
File1_4436+File2_6762,0.8571428571428571
File2_2138+File1_4090,0.8571428571428571
File1_5268+File2_17495,0.8571428571428571
File2_9221+File1_4594,0.8571428571428571
File1_4405+File2_6443,0.8571428571428571
File1_5317+File2_17833,0.8571428571428571
File1_4740+File2_10900,0.8571428571428571
File2_18565+File2_18566+File1_5396,0.8571428571428571
File2_17372+File1_5260+File2_17365,0.8571428571428571
File1_4268+File2_4746,0.8571428571428571
File2_14888+File1_4982,0.8571428571428571
File1_4625+File2_9616,0.8571428571428571
File1_5782+File2_21936,0.8571428571428571
File2_0642+File1_3938,0.8571428571428571
File2_0959+File1_3978,0.8571428571428571
File2_10254+File1_4681,0.8571428571428571
File1_5886+File1_5885+File2_22907+File2_22906,0.8571428571428571
File2_5696+File1_4351,0.8571428571428571
File1_5119+File2_16340,0.8571428571428571
File1_5735+File2_21558,0.8571428571428571
File2_16382+File2_16381+File1_5128+File3_0881,0.8571428571428571
File1_5466+File2_19071,0.8571428571428571
File3_0825+File2_15287,0.8571428571428571
File2_1839+File1_4062,0.8571428571428571
File2_8781+File1_4571,0.8571428571428571
File2_15308+File2_15305+File1_5007+File3_0749,0.8611111111111112
File3_1193+File3_1219+File2_22863+File1_5876,0.8611111111111112
File3_0328+File2_5809+File2_5813+File1_4361,0.8611111111111112
File3_0757+File1_4965+File2_14655+File2_14652,0.8611111111111112
File2_21029+File2_21028+File3_1149+File1_5670,0.8611111111111112
File2_16979+File2_16978+File1_5212+File2_16977+File3_0903+File2_16982,0.8629629629629629
File1_5488+File3_1044+File2_19201+File2_19202,0.8645833333333334
File2_6211+File2_6210+File3_0408+File1_4390,0.8645833333333334
File2_15776+File3_0816+File1_5040+File2_15774,0.8645833333333334
File3_0800+File2_14554+File2_14555+File1_4953+File2_14557,0.8666666666666666
File1_5137+File3_0934+File2_16458+File2_16457,0.8703703703703705
File2_15974+File2_15973+File3_0837+File2_15975+File1_5068,0.8714285714285713
File1_4984+File3_0780+File2_14903+File2_14904,0.875
File2_12228+File1_4813,0.875
File2_8676+File3_0355,0.875
File1_4546+File2_8400,0.875
File1_4325+File2_5425,0.875
File1_5259+File3_0930+File2_17330,0.875
File1_4107+File2_2352+File3_1369,0.875
File3_0661+File1_4912+File2_13992,0.875
File2_11980+File1_4806,0.875
File1_5897+File2_23053,0.875
File2_8088+File1_4523,0.875
File2_1664+File1_4051,0.875
File1_4776+File2_11590,0.875
File3_0449+File2_8766+File2_8767,0.875
File2_5993+File1_4373,0.875
File1_4552+File2_8522,0.875
File1_4191+File2_3681,0.875
File2_19020+File3_1021+File1_5458,0.875
File1_4489+File2_7599,0.875
File1_5080+File2_16044,0.875
File2_21044+File3_1109+File1_5674,0.875
File1_5825+File3_1188+File2_22330,0.875
File2_8695+File1_4563,0.875
File2_10675+File1_4726,0.875
File1_4454+File3_0469+File2_6957,0.875
File2_10023+File1_4660,0.875
File1_4994+File3_0769+File2_15045,0.875
File2_3415+File1_4177,0.875
File3_0817+File1_5044+File2_15791,0.875
File1_4420+File2_6567+File2_6566+File2_6568,0.875
File1_4437+File2_6774,0.875
File1_5820+File2_22300+File3_1207+File3_1190,0.875
File2_7485+File1_4483,0.875
File1_4652+File2_9964,0.875
File2_8256+File1_4534,0.875
File1_5644+File2_20725+File2_20724,0.875
File3_1187+File2_22469,0.875
File1_5489+File2_19205+File3_1019,0.875
File1_4586+File3_0597+File2_9118+File2_9120,0.875
File1_4102+File2_2294,0.875
File1_5135+File2_16443+File3_0880+File2_16444,0.875
File1_5477+File2_19136+File3_1017,0.875
File3_0635+File2_12105,0.875
File2_7026+File1_4460,0.875
File3_0902+File2_16272,0.875
File1_4716+File2_10558,0.875
File1_4003+File2_1169,0.875
File1_4466+File2_7156,0.875
File1_4558+File2_8639,0.875
File2_7458+File2_7457+File3_0435+File1_4482,0.875
File2_5619+File1_4343,0.875
File1_5630+File2_20444,0.875
File3_0801+File2_14958+File1_4990,0.875
File1_4943+File2_14435,0.875
File2_0864+File1_3965,0.875
File2_3104+File3_0096+File1_4153,0.875
File1_4827+File2_12450,0.875
File2_16855+File1_5196,0.875
File1_4635+File2_9717,0.875
File2_6315+File1_4396,0.875
File3_1490+File2_0715+File1_3945,0.875
File2_1984+File1_4075,0.875
File1_5318+File2_17835+File3_0996,0.875
File2_11355+File1_4762,0.875
File2_1850+File3_0267+File2_1848+File2_1849+File1_4064,0.8777777777777778
File1_5126+File2_16377+File2_16376+File2_16378+File3_0897,0.8785714285714287
File3_0596+File2_11813+File2_11812+File1_4791,0.8796296296296297
File2_16270+File2_16269+File1_5110+File3_0884,0.8796296296296297
File2_8166+File2_8164+File3_0351+File1_4527,0.8796296296296297
File1_4512+File2_7953+File2_7955+File3_0479,0.8796296296296297
File2_10035+File2_10036+File1_4663+File3_0550,0.8809523809523808
File2_15419+File2_15418+File3_0850+File2_15420,0.8809523809523808
File2_10011+File3_0603+File1_4658+File1_4657+File3_0553+File2_10009+File3_0499,0.8809523809523809
File1_4453+File2_6919,0.8888888888888888
File3_0081+File1_3942+File2_0670,0.8888888888888888
File2_13403+File3_0702,0.8888888888888888
File1_4037+File3_0263+File2_1536,0.8888888888888888
File1_5522+File3_1026+File2_19512,0.8888888888888888
File3_0390+File1_4342+File2_5615,0.8888888888888888
File3_0847+File2_16170+File1_5099,0.8888888888888888
File2_21029+File3_1149,0.8888888888888888
File1_4843+File2_12727+File3_0640,0.8888888888888888
File1_4900+File2_13841+File3_0655,0.8888888888888888
File3_0308+File2_0717,0.8888888888888888
File2_23314+File3_1272+File1_5925,0.8888888888888888
File2_20036+File3_1089+File1_5583,0.8888888888888888
File2_3333+File3_0277+File1_4166,0.8888888888888888
File1_3954+File3_0078+File2_0810,0.8888888888888888
File2_1732+File1_4057+File3_0259,0.8888888888888888
File3_0343+File2_7415,0.8888888888888888
File2_21698+File1_5746+File3_1164,0.8888888888888888
File3_0281+File2_4048+File1_4219,0.8888888888888888
File3_0280+File1_4188+File2_3607,0.8888888888888888
File3_0934+File2_16458,0.8888888888888888
File1_4201+File2_3820+File3_0105,0.8888888888888888
File2_14243+File3_0755,0.8888888888888888
File3_0744+File2_14691,0.8888888888888888
File1_4852+File2_12953+File3_0645,0.8888888888888888
File2_9665+File1_4628+File3_0599,0.8888888888888888
File2_0973+File1_3979+File3_0254,0.8888888888888888
File3_0284+File1_4208+File2_3924,0.8888888888888888
File1_4829+File2_12483,0.8888888888888888
File1_5776+File3_1170+File2_21901,0.8888888888888888
File3_1161+File1_5725+File2_21412,0.8888888888888888
File2_13686+File3_0700+File1_4891,0.8888888888888888
File1_4786+File2_11756+File2_11757,0.8888888888888888
File1_4356+File3_0384+File2_5737,0.8888888888888888
File2_12269+File1_4816+File3_0673,0.8888888888888888
File3_1095+File1_5637+File3_1076+File2_20502,0.8888888888888888
File2_17953+File3_0980+File1_5330,0.8888888888888888
File3_1173+File2_21925+File1_5780,0.8888888888888888
File3_0393+File1_4372+File2_5957,0.8888888888888888
File3_1063+File1_5616+File2_20307,0.8888888888888888
File3_1208+File2_22150,0.8888888888888888
File3_0596+File2_11813,0.8888888888888888
File3_0339+File1_4447+File2_6853,0.8888888888888888
File3_0879+File2_16346+File2_16345+File1_5120,0.8888888888888888
File2_11512+File3_0580+File1_4771,0.8888888888888888
File1_5505+File2_19339+File3_1025,0.8888888888888888
File2_2258+File3_0272+File1_4100,0.8888888888888888
File3_0244+File1_3944+File2_0714,0.8888888888888888
File2_18519+File3_1031+File1_5386,0.8888888888888888
File1_4399+File2_6374+File3_0462,0.8888888888888888
File2_22983+File1_5894+File3_1243,0.8888888888888888
File2_21731+File3_1143+File1_5755,0.8888888888888888
File1_5873+File3_1192+File2_22792,0.8888888888888888
File3_1013+File1_5453+File2_18991,0.8888888888888888
File1_4751+File2_11081,0.8888888888888888
File3_0426+File2_7013+File1_4458,0.8888888888888888
File1_4530+File2_8191,0.8888888888888888
File1_4446+File2_6852+File3_0420,0.8888888888888888
File3_1066+File1_5585+File2_20051,0.8888888888888888
File2_2426+File2_2425+File3_0271+File1_4111+File2_2427,0.8937499999999999
File3_1061+File2_20126+File2_20127+File1_5596,0.8958333333333334
File2_12412+File2_12410+File3_0690+File2_12413+File1_4824,0.9
File2_20947+File2_20946+File1_5660,0.9047619047619048
File2_14944+File2_14946+File1_4989,0.9047619047619048
File2_17813+File1_5316+File2_17820,0.9047619047619048
File1_4611+File2_9460+File3_0601,0.9047619047619048
File2_6257+File2_6256+File1_4395,0.9047619047619048
File3_0526+File2_9390+File1_4604,0.9047619047619048
File1_4673+File2_10181+File2_10182,0.9047619047619048
File3_0560+File1_4710+File2_10518,0.9047619047619048
File1_4724+File2_10659+File3_0562,0.9047619047619048
File2_21776+File2_21779+File1_5759,0.9047619047619048
File2_3771+File3_0286+File1_4199,0.9047619047619048
File2_2602+File3_1370+File1_4121,0.9047619047619048
File1_4764+File2_11372+File2_11371,0.9047619047619048
File2_9534+File2_9535+File1_4617+File3_0600,0.90625
File1_4234+File3_0298+File3_0111+File2_4259,0.9074074074074073
File2_23225+File2_23226+File3_1223+File1_5914,0.9074074074074076
File2_0467+File2_0468+File3_0239+File1_3915+File2_0469,0.911111111111111
File1_5633+File2_20472+File3_1100+File2_20470+File2_20471,0.911111111111111
File1_5723+File2_21393+File3_1127,0.9166666666666666
File2_12686+File2_12688+File1_4837,0.9166666666666666
File1_4750+File3_0578+File2_11075,0.9166666666666666
File1_4796+File2_11890+File3_0633,0.9166666666666666
File3_1042+File1_5485+File2_19167,0.9166666666666666
File1_4968+File3_0744+File2_14691+File2_14692,0.9166666666666666
File2_13953+File3_0726+File1_4910,0.9166666666666666
File1_3994+File2_1063+File3_0246,0.9166666666666666
File3_1491+File2_1044+File1_3989,0.9166666666666666
File2_10861+File3_0625+File1_4737,0.9166666666666666
File3_0539+File1_4686+File2_10291,0.9166666666666666
File2_5364+File3_0377+File1_4319,0.9166666666666666
File3_0415+File1_4416+File2_6525,0.9166666666666666
File1_5796+File3_1181+File2_22055,0.9166666666666666
File3_0667+File2_12055+File1_4807,0.9166666666666666
File1_4478+File2_7387+File3_0431,0.9166666666666666
File2_5052+File1_4290+File3_0375,0.9166666666666666
File2_1205+File1_4007+File3_0257,0.9166666666666666
File1_4465+File2_7133+File3_0422,0.9166666666666666
File1_5302+File2_17750+File3_0995,0.9166666666666666
File3_0492+File2_9516+File1_4615,0.9166666666666666
File1_4426+File2_6657+File2_6656,0.9166666666666666
File2_12698+File1_4839+File3_0675,0.9166666666666666
File2_4143+File1_4226+File3_0282,0.9166666666666666
File1_5721+File2_21385+File3_1153+File2_21384,0.9166666666666666
File2_16029+File2_16028+File1_5075,0.9166666666666666
File2_3572+File2_3571+File1_4187,0.9166666666666666
File1_5028+File3_0860+File2_15671+File2_15670,0.9166666666666667
File1_5005+File2_15271+File3_0811+File3_0784,0.9259259259259258
File2_16801+File3_0908+File1_5189,0.9259259259259258
File1_4398+File2_6346+File3_0330,0.9259259259259258
File2_12893+File3_0692+File1_4849,0.9259259259259258
File2_12189+File1_4812+File3_0670,0.9259259259259258
File3_0416+File1_4427+File2_6666,0.9259259259259258
File1_5151+File3_0892+File2_16550,0.9259259259259258
File3_0094+File1_4074+File2_1979,0.9259259259259258
File2_8761+File1_4569+File2_8762,0.9259259259259258
File2_10454+File3_0615+File1_4703,0.9259259259259258
File2_13426+File3_0703+File1_4872,0.9259259259259258
File1_4247+File3_0299+File2_4368,0.925925925925926
File3_1174+File2_21778+File1_5760,0.925925925925926
File3_0493+File2_9423+File1_4608,0.925925925925926
File2_21302+File1_5711+File2_21303+File3_1157,0.925925925925926
File3_0418+File1_4448+File2_6864,0.925925925925926
File1_5801+File3_1177+File2_22121,0.925925925925926
File2_3254+File3_0278+File1_4163,0.925925925925926
File2_22037+File2_22038+File3_1144+File1_5792,0.9270833333333334
File1_5432+File2_18854+File3_1046+File3_1049,0.9351851851851851
File1_5367+File2_18301+File2_18300+File3_0984,0.9351851851851853
File1_4931+File2_14242+File2_14243+File3_0755,0.9351851851851853
File2_19151+File1_5482+File2_19149+File3_1018,0.9351851851851853
File1_4479+File3_0343+File2_7416+File2_7415,0.9351851851851853
File2_4418+File3_0109+File1_4249+File2_4417,0.9351851851851853
File3_0998+File1_5332+File2_17981+File3_0961,0.9351851851851853
File2_9277+File2_9276+File1_4602+File3_0488,0.9351851851851853
File2_18196+File1_5357+File3_0999+File2_18195,0.9375
File1_4935+File2_14293+File2_14294+File3_0763,0.9375
File2_21036+File2_21037+File3_1147+File1_5671,0.9375
File3_0966+File2_17658+File2_17659+File1_5293,0.9375
File1_4444+File2_6800+File3_0463+File2_6799,0.9375
File2_8099+File2_8098+File1_4524+File2_8097,0.9375
File1_5666+File3_1077+File3_1099+File3_1075+File2_20999,0.9444444444444444
File2_1931+File1_4069+File3_0265+File2_1932+File2_1933,0.95
File3_0957+File2_17312+File1_5255,0.9523809523809523
File1_4913+File2_14002+File3_0733,0.9523809523809523
File1_5710+File2_21292+File3_1116,0.9523809523809523
File2_12695+File1_4838+File2_12694,0.9523809523809523
File2_17758+File1_5304+File3_0981,0.9523809523809523
File3_0967+File1_5254+File2_17310,0.9523809523809523
File2_9216+File3_0364+File1_4592,0.9523809523809523
File2_22170+File3_1206+File1_5809,0.9523809523809523
File1_4879+File2_13497+File3_0721,0.9523809523809523
File1_4299+File2_5175+File3_0457,0.9523809523809523
File3_0767+File1_4942+File2_14414,0.9523809523809523
File1_4695+File3_0507+File2_10381,0.9523809523809523
File1_4081+File2_2058+File2_2057,0.9523809523809523
File3_0916+File1_5185+File2_16772,0.9523809523809523
File2_17051+File2_17052+File1_5227,0.9523809523809523
File1_4580+File3_0453+File2_8948,0.9523809523809523
File1_5909+File2_23198+File3_1269,0.9523809523809523
File2_17216+File2_17217+File1_5242,0.9523809523809524
File1_4732+File3_0575+File2_10759,0.9523809523809524
File1_5082+File2_16070+File3_0861,0.9523809523809524
File1_4541+File2_8336+File2_8337+File3_0356,0.9523809523809524
File1_5203+File2_16911+File2_16910,0.9523809523809524
File1_5538+File3_1056+File2_19640,0.9523809523809524
File2_21702+File3_1167+File1_5748,0.9523809523809524
File1_4889+File3_0705+File2_13682+File2_13683+File1_4890,0.9555555555555555
File3_0710+File1_4905+File2_13916,0.9583333333333333
File1_5622+File2_20373+File3_1073,0.9583333333333333
File3_1154+File1_5733+File2_21529,0.9583333333333333
File2_20232+File3_1074+File1_5607,0.9583333333333333
File2_10027+File3_0551+File1_4661,0.9583333333333333
File3_0867+File1_5047+File2_15805,0.9583333333333333
File1_4996+File2_15100+File3_0771,0.9583333333333333
File3_1169+File1_5749+File2_21706,0.9583333333333333
File2_5279+File1_4308+File3_0378,0.9583333333333333
File1_4909+File3_0711+File2_13948,0.9583333333333333
File1_3946+File3_1366+File2_0716,0.9583333333333333
File2_16714+File3_0953+File1_5177,0.9583333333333333
File2_21056+File3_1150+File1_5678,0.9583333333333333
File3_1071+File2_20168+File1_5601,0.9583333333333333
File1_4621+File2_9567+File3_0524,0.9583333333333333
File1_4158+File3_1371+File2_3165,0.9583333333333333
File2_19040+File3_1015+File1_5462,0.9583333333333333
File1_5490+File3_1045+File2_19210,0.9583333333333333
File2_5926+File3_0460+File1_4370,0.9583333333333333
File1_4521+File3_0439+File2_8081,0.9583333333333333
File1_4225+File3_0108+File2_4134,0.9583333333333333
File1_5766+File2_21834+File3_1168,0.9583333333333333
File1_4993+File3_0807+File2_15035,0.9583333333333333
File3_0292+File1_4237+File2_4278,0.9583333333333333
File2_20238+File3_1090+File1_5609,0.9583333333333333
File3_0828+File2_16002+File1_5073,0.9583333333333333
File1_4654+File2_9991+File3_0602,0.9583333333333333
File2_1136+File3_0255+File1_3999,0.9583333333333333
File2_3542+File1_4186+File3_0279,0.9583333333333333
File2_11823+File3_0594+File1_4792,0.9583333333333333
File1_5093+File2_16142+File3_0873,0.9583333333333333
File2_15830+File3_0871+File1_5051,0.9583333333333333
File1_4469+File3_0470+File2_7182,0.9583333333333334
File2_17212+File3_0931+File1_5241,0.9583333333333334
File3_0912+File2_16712+File1_5176,0.9583333333333334
File1_4137+File2_2842+File3_0274,0.9583333333333334
File2_17019+File1_5218+File3_0907,0.9583333333333334
File2_15958+File1_5066+File3_0863,0.9583333333333334
File2_6686+File1_4430+File3_0413,0.9583333333333334
File1_5170+File3_0941+File2_16661,0.9583333333333334
File3_1373+File2_23370+File1_5937,0.9583333333333334
File3_1024+File2_19256+File1_5494,0.9583333333333334
File2_16528+File1_5147+File3_0891,0.9583333333333334
File2_14126+File1_4923+File3_0752,0.9583333333333334
File1_4873+File2_13427+File3_0653,0.9583333333333334
File1_5081+File3_0859+File2_16065,0.9583333333333334
File2_13768+File1_4897+File3_0650,0.9583333333333334
File2_15962+File1_5067+File3_0831,0.9583333333333334
File3_1119+File1_5717+File2_21340,0.9583333333333334
File1_5736+File3_1141+File2_21570,0.9583333333333334
File3_0448+File2_8800+File1_4572,0.9583333333333334
File3_0317+File1_4304+File2_5216,0.9583333333333334
File2_0137+File1_3887+File3_0237,0.9629629629629629
File1_4432+File2_6695+File3_0411,0.9629629629629629
File3_1274+File2_23227+File1_5915,0.9629629629629629
File2_14323+File1_4937+File3_0762,0.9629629629629629
File2_10226+File1_4679+File3_0543,0.9629629629629629
File1_5930+File2_23356+File3_1247,0.9629629629629629
File1_5503+File2_19326+File3_1029,0.9629629629629629
File2_15406+File3_0820+File1_5011,0.9629629629629629
File2_16648+File3_0904+File1_5167,0.9629629629629629
File2_18472+File1_5382+File3_1007,0.9629629629629629
File1_5775+File2_21891+File3_1139,0.9629629629629629
File3_0846+File1_5090+File2_16136,0.9629629629629629
File1_5039+File2_15747+File3_0862,0.9629629629629629
File2_17281+File3_0933+File1_5250,0.9629629629629629
File2_19095+File1_5469+File3_1039,0.9629629629629629
File1_4664+File2_10040+File3_0532,0.9629629629629629
File3_0856+File1_5008+File2_15321,0.9629629629629629
File3_0603+File1_4657+File2_10009+File3_0499,0.9629629629629629
File3_1040+File2_19229+File1_5491,0.9629629629629629
File3_0419+File1_4418+File2_6539,0.9629629629629631
File1_4638+File2_9833+File2_9834+File3_0534,0.9629629629629631
File1_4477+File2_7379+File3_0342,0.9629629629629631
File1_4435+File2_6746+File3_0335,0.9629629629629631
File2_15713+File3_0870+File1_5034,0.9629629629629631
File1_5834+File3_1185+File2_22403,0.9629629629629631
File1_4492+File2_7667+File3_0345,0.9629629629629631
File3_0759+File1_4947+File2_14497,0.9629629629629631
File2_14407+File3_0756+File1_4941,0.9629629629629631
File3_0107+File1_4215+File2_4015,0.9629629629629631
File2_16669+File3_0948+File1_5174,0.9629629629629631
File3_0724+File2_14184+File1_4928,0.9629629629629631
File1_4499+File2_7730+File3_0473,0.9629629629629631
File1_4490+File2_7629+File3_0433,0.9629629629629631
File3_0718+File1_4836+File2_12682,0.9629629629629631
File2_15169+File2_15168+File1_5000+File3_0742,0.9629629629629631
File2_8770+File1_4570+File3_0444,0.9629629629629631
File2_7700+File3_0432+File1_4494,0.9629629629629631
File2_20821+File3_1145+File1_5650,0.9629629629629631
File2_2651+File1_4127+File3_0275,0.9629629629629631
File1_4544+File2_8356+File3_0445,0.9629629629629631
File1_4557+File3_0353+File2_8628,0.9629629629629631
File3_0691+File1_4847+File2_12839,0.9629629629629631
File2_0940+File1_3975+File3_0253,0.9629629629629631
File2_6789+File1_4441+File3_0336,0.9629629629629631
File1_4511+File3_0438+File2_7941,0.9629629629629631
File1_4894+File3_0647+File2_13714,0.9629629629629631
File3_0450+File1_4545+File2_8394,0.9629629629629631
File1_4551+File2_8481+File3_0446,0.9629629629629631
File1_5294+File3_0992+File3_0991+File2_17672,0.96875
File2_8676+File2_8675+File3_0355+File1_4561,0.96875
File1_4587+File2_9127+File2_9128+File3_0452,0.96875
File3_0899+File1_5118+File2_16333+File2_16332,0.9722222222222222
File1_5515+File2_19458,1.0
File2_20210+File1_5605,1.0
File2_19171+File1_5486,1.0
File1_4960+File2_14596+File3_0787,1.0
File1_4867+File2_13385,1.0
File1_5468+File2_19087,1.0
File3_0944+File1_5178+File2_16718,1.0
File2_3940+File1_4209+File3_0287,1.0
File2_4174+File1_4229,1.0
File2_5007+File1_4286+File3_0368,1.0
File3_0605+File2_10107+File1_4671,1.0
File1_5350+File2_18157,1.0
File2_3459+File1_4180,1.0
File2_9644+File3_0497+File1_4626,1.0
File1_5900+File2_23089,1.0
File1_5239+File2_17201,1.0
File2_15707+File1_5033,1.0
File1_5136+File2_16447,1.0
File1_5278+File2_17530,1.0
File2_22199+File1_5811+File3_1210,1.0
File1_4684+File2_10271,1.0
File2_6112+File1_4383,1.0
File1_4896+File2_13763,1.0
File2_18726+File1_5414+File3_1006,1.0
File2_21422+File3_1120+File1_5727,1.0
File2_18539+File1_5391,1.0
File3_1160+File2_21417,1.0
File2_16162+File1_5096,1.0
File2_9045+File1_4581,1.0
File1_4236+File2_4271+File3_0297,1.0
File1_4159+File2_3191,1.0
File1_4312+File2_5315,1.0
File1_4169+File2_3357+File3_0098,1.0
File1_5774+File2_21871+File3_1129,1.0
File1_4211+File2_3961,1.0
File1_4260+File2_4686,1.0
File2_14045+File1_4919,1.0
File1_5542+File2_19654,1.0
File1_4998+File2_15125,1.0
File2_8046+File1_4519,1.0
File1_4983+File3_0778+File2_14892,1.0
File2_9935+File3_0541+File1_4649,1.0
File1_5479+File2_19140,1.0
File3_1194+File3_1220+File1_5889+File2_22940,1.0
File1_5754+File3_1131+File2_21727,1.0
File2_23219+File1_5913,1.0
File2_19098+File1_5470,1.0
File2_12307+File1_4819,1.0
File2_14966+File3_0781,1.0
File2_1014+File1_3985,1.0
File3_1000+File1_5371+File2_18333,1.0
File1_5779+File2_21921,1.0
File2_19928+File1_5576,1.0
File2_13899+File3_0729+File1_4904+File3_0785,1.0
File3_1086+File2_19821+File1_5561,1.0
File2_8154+File1_4526,1.0
File2_11958+File1_4803,1.0
File1_5037+File2_15734+File2_15733,1.0
File2_0366+File1_3902,1.0
File1_5108+File3_0937+File2_16245,1.0
File2_8440+File1_4548,1.0
File1_5015+File2_15474,1.0
File2_3009+File1_4147,1.0
File2_3749+File1_4196,1.0
File2_22202+File1_5812,1.0
File2_23368+File1_5936+File3_1248,1.0
File2_9834+File3_0534,1.0
File1_5086+File2_16103,1.0
File1_4403+File2_6407,1.0
File2_1458+File3_0090,1.0
File1_4388+File3_0409+File2_6150,1.0
File2_19129+File1_5475,1.0
File1_5547+File2_19695,1.0
File1_4339+File2_5598,1.0
File3_1163+File1_5737+File2_21590,1.0
File2_20522+File1_5639,1.0
File1_4113+File2_2442,1.0
File1_4630+File2_9683,1.0
File1_4456+File2_6969,1.0
File3_0906+File2_17037+File1_5221,1.0
File1_5567+File2_19847,1.0
File3_0290+File2_4165+File1_4227,1.0
File1_5664+File3_1112+File2_20977,1.0
File2_18347+File1_5373,1.0
File2_20426+File1_5628+File3_1101,1.0
File3_0833+File2_16090+File1_5084,1.0
File3_0888+File2_16487+File1_5143,1.0
File2_15775+File1_5041,1.0
File3_0338+File1_4415+File2_6522,1.0
File1_4488+File2_7534+File3_0436,1.0
File2_23278+File1_5921,1.0
File3_0582+File2_11292+File1_4758,1.0
File2_9850+File1_4639,1.0
File1_5247+File2_17268,1.0
File2_10534+File1_4712,1.0
File3_1110+File1_5658+File2_20930,1.0
File1_5527+File2_19552,1.0
File1_4205+File2_3893,1.0
File3_0604+File1_4662+File2_10029,1.0
File2_7070+File1_4462,1.0
File1_4888+File2_13640,1.0
File2_16438+File1_5133,1.0
File1_5104+File2_16204,1.0
File1_4222+File2_4089,1.0
File1_4400+File3_0329+File2_6377,1.0
File1_4145+File2_2970,1.0
File1_5168+File2_16651,1.0
File2_22415+File1_5836,1.0
File1_5688+File2_21145,1.0
File1_4039+File2_1571+File3_1496,1.0
File2_11008+File1_4747,1.0
File2_10211+File1_4678,1.0
File1_5806+File2_22153,1.0
File2_0662+File3_1489,1.0
File2_18814+File1_5426,1.0
File2_6470+File1_4406,1.0
File1_4641+File2_9866,1.0
File2_19330+File1_5504,1.0
File1_5866+File2_22719,1.0
File2_5382+File1_4322+File3_0373,1.0
File2_14649+File1_4964+File3_0761,1.0
File2_13689+File1_4892,1.0
File2_17815+File1_5315,1.0
File2_18616+File1_5404+File3_1004,1.0
File1_4179+File2_3444,1.0
File1_5130+File2_16385,1.0
File1_4840+File2_12704,1.0
File1_4972+File2_14786,1.0
File2_15588+File1_5023,1.0
File1_4347+File2_5643+File3_0387+File2_5644,1.0
File1_5009+File2_15346+File3_0827,1.0
File1_4743+File2_10925,1.0
File1_5687+File2_21142+File3_1159,1.0
File1_3920+File2_0506+File3_0242,1.0
File1_4300+File2_5182,1.0
File2_22664+File1_5860,1.0
File1_4880+File2_13507,1.0
File2_17570+File1_5282,1.0
File1_5339+File2_18050,1.0
File1_4470+File2_7183,1.0
File1_4565+File2_8703,1.0
File2_14631+File1_4963+File3_0792,1.0
File1_4212+File2_3975,1.0
File2_22896+File1_5881,1.0
File2_10205+File1_4677+File3_0500,1.0
File1_4206+File2_3895,1.0
File1_4149+File2_3010,1.0
File2_6782+File3_0465+File1_4439,1.0
File3_0804+File2_15179+File1_5001,1.0
File3_0838+File2_16038+File1_5079,1.0
File3_0836+File1_5059+File2_15927,1.0
File1_5381+File2_18465,1.0
File2_3247+File1_4161,1.0
File2_22146+File1_5805,1.0
File2_6005+File3_0398+File1_4375,1.0
File1_4566+File2_8711,1.0
File2_3211+File1_4160,1.0
File2_10511+File1_4708,1.0
File1_4502+File2_7765,1.0
File2_14128+File1_4924,1.0
File1_4742+File2_10922,1.0
File1_5638+File2_20517,1.0
File1_5502+File2_19320,1.0
File2_5158+File1_4297,1.0
File2_2692+File1_4130,1.0
File1_4555+File2_8587,1.0
File1_4821+File2_12358,1.0
File1_4832+File3_0641+File2_12562,1.0
File1_5584+File2_20040,1.0
File1_4554+File2_8560,1.0
File3_1037+File2_18766+File1_5419,1.0
File1_5788+File2_22021,1.0
File2_21105+File1_5684,1.0
File2_18481+File1_5383,1.0
File2_17031+File1_5219+File3_0918,1.0
File2_15193+File1_5002,1.0
File2_14842+File3_0772,1.0
File2_4638+File1_4257+File3_0301,1.0
File1_4434+File2_6744,1.0
File1_4688+File2_10308,1.0
File2_16506+File1_5145,1.0
File2_22732+File1_5869,1.0
File1_5586+File3_1059+File2_20061,1.0
File2_16758+File1_5182,1.0
File1_4404+File2_6433,1.0
File1_5208+File2_16949,1.0
File1_4140+File2_2904,1.0
File3_0327+File1_4359+File2_5775,1.0
File2_6531+File1_4417,1.0
File1_4275+File2_4845,1.0
File1_4484+File2_7492,1.0
File2_3100+File3_0276+File1_4152,1.0
File2_21531+File1_5734,1.0
File2_19517+File2_19518+File1_5524,1.0
File1_5428+File2_18825,1.0
File2_8285+File1_4537,1.0
File1_4379+File2_6078,1.0
File2_11309+File3_0520+File1_4759,1.0
File1_5865+File2_22713,1.0
File2_22930+File1_5888,1.0
File2_0862+File1_3964+File3_0084,1.0
File1_5938+File2_23374,1.0
File2_12301+File1_4818,1.0
File1_5883+File2_22898,1.0
File2_16637+File1_5165,1.0
File1_4713+File2_10543,1.0
File2_23048+File1_5896+File3_1228,1.0
File1_5679+File2_21073,1.0
File2_10078+File1_4668+File3_0533,1.0
File1_5460+File2_19039,1.0
File1_4850+File2_12913,1.0
File1_5698+File2_21220+File3_1126,1.0
File1_4707+File2_10508,1.0
File3_1240+File1_5887+File2_22920,1.0
File2_9088+File1_4584,1.0
File2_12454+File1_4828,1.0
File2_18227+File1_5364,1.0
File2_13712+File1_4893,1.0
File2_11941+File1_4798,1.0
File1_4334+File2_5582,1.0
File3_1171+File2_21909+File1_5778,1.0
File1_5016+File2_15477,1.0
File1_4301+File2_5184,1.0
File2_15782+File1_5043,1.0
File1_4951+File2_14532,1.0
File1_5824+File2_22325,1.0
File1_4575+File2_8838,1.0
File1_5554+File2_19769,1.0
File2_15797+File1_5045,1.0
File1_5422+File2_18789,1.0
File1_5655+File2_20872,1.0
File2_10357+File1_4691,1.0
File2_16666+File1_5172,1.0
File2_19231+File1_5492,1.0
File2_21710+File1_5750,1.0
File1_5589+File2_20078,1.0
File2_15579+File1_5021,1.0
File2_7456+File1_4481,1.0
File1_4864+File2_13309,1.0
File1_5802+File2_22131,1.0
File3_0669+File1_4814+File2_12232,1.0
File1_4865+File2_13342,1.0
File1_5149+File2_16535,1.0
File1_5798+File2_22087,1.0
File1_4146+File2_2981+File3_1500,1.0
File1_4255+File3_0110+File2_4569,1.0
File1_4667+File2_10073,1.0
File1_4216+File2_4028,1.0
File2_21478+File1_5729,1.0
File1_3936+File3_0079+File2_0613,1.0
File2_10446+File1_4701,1.0
File1_4795+File2_11857,1.0
File2_22457+File3_1186+File1_5838,1.0
File1_4801+File2_11953,1.0
File2_17058+File1_5232,1.0
File2_23234+File1_5916,1.0
File3_0239+File2_0469,1.0
File1_5690+File2_21174,1.0
File1_5529+File2_19565,1.0
File1_4720+File2_10606,1.0
File1_5590+File2_20084,1.0
File1_5405+File2_18621,1.0
File2_6496+File1_4409,1.0
File2_3362+File1_4170,1.0
File1_4423+File2_6622,1.0
File2_2597+File3_0273+File1_4120,1.0
File1_4203+File2_3867+File3_0099,1.0
File2_0088+File1_3880,1.0
File3_1124+File1_5726+File2_21419,1.0
File2_17432+File3_0990,1.0
File2_19250+File1_5493,1.0
File2_15614+File1_5025,1.0
File2_1607+File3_0258+File1_4042,1.0
File2_11960+File1_4804,1.0
File3_0819+File2_15361,1.0
File1_5356+File2_18194+File3_0994,1.0
File2_16748+File1_5181,1.0
File3_0350+File2_8042,1.0
File2_2098+File1_4087,1.0
File2_15393+File1_5010,1.0
File2_10893+File1_4739+File3_0622,1.0
File1_5530+File2_19573,1.0
File1_5406+File2_18662,1.0
File2_16161+File1_5095,1.0
File2_16596+File1_5161,1.0
File1_5214+File2_16996,1.0
File1_4878+File2_13483+File3_0654,1.0
File2_17859+File1_5319,1.0
File1_4126+File2_2638,1.0
File1_4973+File3_0770+File2_14816,1.0
File2_18400+File1_5374,1.0
File1_4411+File3_0340+File2_6516,1.0
File1_5764+File2_21817,1.0
File1_4476+File2_7344,1.0
File2_14505+File1_4948+File3_0796,1.0
File2_16769+File1_5184,1.0
File1_5014+File2_15453+File3_0854,1.0
File1_4577+File2_8862,1.0
File2_12762+File1_4845,1.0
File2_21303+File3_1157,1.0
File1_4756+File2_11153,1.0
File2_14779+File1_4971,1.0
File2_21849+File1_5770,1.0
File2_3397+File1_4175,1.0
File1_4335+File2_5587,1.0
File1_5322+File2_17874,1.0
File3_0956+File2_17218+File1_5244,1.0
File2_20121+File1_5594,1.0
File1_5753+File3_1133+File2_21717,1.0
File1_5843+File2_22539,1.0
File3_0988+File1_5283+File2_17575,1.0
File1_5444+File2_18915,1.0
File2_21685+File3_1175+File1_5745,1.0
File3_1202+File2_22947+File3_1222+File1_5890,1.0
File3_1271+File2_23306,1.0
File2_21320+File1_5714+File3_1113,1.0
File2_12145+File1_4810,1.0
File2_21625+File1_5738,1.0
File1_5600+File2_20143,1.0
File1_5267+File2_17491,1.0
File2_23327+File1_5927+File3_1268,1.0
File1_4514+File2_7985+File3_0478,1.0
File2_18818+File1_5427,1.0
File2_17618+File1_5286,1.0
File3_1055+File2_19559+File1_5528,1.0
File2_4819+File1_4272,1.0
File2_15635+File3_0852,1.0
File1_4770+File2_11509,1.0
File2_21311+File1_5712,1.0
File3_0657+File1_4903+File2_13881,1.0
File2_10686+File3_0568+File1_4729,1.0
File2_3540+File1_4185,1.0
File1_5545+File2_19673,1.0
File1_4763+File2_11366,1.0
File1_4323+File2_5385+File3_0374,1.0
File2_21336+File1_5716+File3_1118,1.0
File2_9463+File1_4612+File3_0495,1.0
File1_5056+File2_15906,1.0
File2_23123+File1_5904,1.0
File1_5327+File2_17909,1.0
File1_4755+File2_11150,1.0
File1_4866+File2_13383,1.0
File1_4402+File2_6404+File3_0402,1.0
File2_20376+File1_5623,1.0
File1_5864+File2_22702,1.0
File1_4624+File2_9613,1.0
File3_0083+File1_3956+File2_0815,1.0
File2_9259+File1_4601,1.0
File1_5290+File2_17641,1.0
File3_0113+File1_4276+File2_4854,1.0
File2_10552+File3_0559+File1_4714,1.0
File1_4648+File2_9933,1.0
File2_16557+File1_5153,1.0
File2_10808+File1_4735+File3_0621,1.0
File1_5697+File2_21208+File3_1117,1.0
File2_6245+File1_4393,1.0
File2_15931+File1_5061,1.0
File2_4173+File1_4228,1.0
File2_22233+File3_1183,1.0
File1_4805+File2_11977,1.0
File2_15069+File3_0774,1.0
File1_4921+File2_14066+File3_0709,1.0
File2_11397+File1_4766,1.0
File3_0989+File2_17430,1.0
File1_5767+File2_21835+File3_1128,1.0
File2_23214+File1_5912,1.0
File1_4636+File2_9752,1.0
File1_5234+File2_17067,1.0
File1_4451+File2_6913,1.0
File1_5307+File2_17778+File3_0970,1.0
File1_5526+File2_19549,1.0
File3_0889+File2_16498+File2_16499+File1_5144,1.0
File2_3257+File1_4164,1.0
File1_5646+File2_20777,1.0
File3_1130+File2_21807,1.0
File2_9203+File1_4591+File3_0359,1.0
File1_4327+File2_5501+File2_5502,1.0
File2_3654+File1_4190,1.0
File2_12655+File1_4835,1.0
File1_5006+File3_0810+File2_15286,1.0
File2_18051+File1_5340,1.0
File1_4576+File2_8840,1.0
File2_13773+File1_4898,1.0
File2_4842+File3_0303+File1_4274,1.0
File1_5730+File3_1125+File2_21494,1.0
File2_18843+File1_5431,1.0
File1_4294+File2_5103+File3_0379,1.0
File2_14029+File1_4916,1.0
File2_19929+File3_1062+File1_5577,1.0
File1_5201+File2_16885,1.0
File2_9695+File1_4633,1.0
File1_5229+File2_17056,1.0
File2_7497+File3_0344+File1_4485,1.0
File1_5659+File2_20945,1.0
File2_17477+File1_5264,1.0
File1_5642+File2_20721+File3_1096,1.0
File1_5511+File2_19432,1.0
File2_6136+File1_4385,1.0
File2_7994+File1_4517,1.0
File1_5447+File2_18955,1.0
File2_11057+File1_4748,1.0
File2_20175+File1_5602,1.0
File2_21193+File1_5694,1.0
File1_5895+File2_23006,1.0
File2_20484+File1_5634,1.0
File2_23348+File1_5928,1.0
File2_17470+File1_5263,1.0
File1_4607+File2_9393,1.0
File2_4308+File3_0291+File1_4241,1.0
File1_5109+File2_16251+File3_0886,1.0
File2_17726+File1_5299,1.0
File3_0372+File1_4314+File2_5337,1.0
File2_17557+File1_5281,1.0
File2_3960+File1_4210,1.0
File1_5401+File2_18609,1.0
File1_5473+File2_19112+File3_1016,1.0
File3_0823+File2_15490+File1_5018,1.0
File2_4053+File1_4220,1.0
File1_4861+File2_13188,1.0
File2_0782+File1_3952,1.0
File1_4645+File2_9901,1.0
File2_16647+File1_5166,1.0
File1_5089+File2_16132,1.0
File2_3413+File1_4176,1.0
File2_3768+File3_0283+File1_4197,1.0
File1_4787+File2_11764+File3_0595,1.0
File1_5370+File2_18332,1.0
File1_3939+File2_0648,1.0
File1_5423+File2_18797,1.0
File2_19076+File1_5467,1.0
File1_5113+File2_16284+File3_0895,1.0
File2_4319+File1_4244+File3_1502,1.0
File1_4653+File2_9977,1.0
File2_17040+File3_0923+File1_5222,1.0
File1_4999+File2_15140,1.0
File2_23367+File3_1270+File1_5935,1.0
File1_4799+File2_11945,1.0
File2_12274+File1_4817,1.0
File2_19262+File1_5495,1.0
File2_17710+File1_5298,1.0
File1_4531+File3_0480+File2_8192,1.0
File1_4721+File2_10613,1.0
File1_5604+File2_20204,1.0
File2_13395+File3_0651+File1_4869,1.0
File1_4487+File2_7518,1.0
File1_4486+File2_7503,1.0
File1_4289+File2_5038,1.0
File2_13880+File1_4902,1.0
File2_6908+File1_4450,1.0
File2_22733+File1_5870,1.0
File2_16279+File1_5112+File3_0896,1.0
File2_6140+File3_0404+File1_4386,1.0
File2_21243+File1_5701,1.0
File1_4851+File2_12917,1.0
File2_5087+File1_4292,1.0
File1_4079+File2_2037,1.0
File2_21862+File1_5772,1.0
File2_10466+File1_4704,1.0
File1_5215+File2_17000,1.0
File2_21630+File1_5739+File3_1138,1.0
File1_5713+File2_21319,1.0
File1_4574+File3_0489+File2_8815,1.0
File1_4859+File2_13183,1.0
File1_4425+File2_6646,1.0
File2_7665+File1_4491+File3_0434,1.0
File1_4987+File2_14917,1.0
File1_4270+File2_4778,1.0
File2_22036+File1_5791,1.0
File1_4895+File2_13748,1.0
File2_16104+File1_5087,1.0
File3_0813+File2_15312,1.0
File1_4834+File2_12602,1.0
File1_5415+File2_18733,1.0
File2_8025+File1_4518,1.0
File2_4780+File1_4271+File3_0302,1.0
File1_4862+File2_13265,1.0
File2_21187+File3_1123,1.0
File1_5157+File3_0936+File2_16575,1.0
File1_5854+File2_22581,1.0
File3_0818+File2_15841+File1_5052,1.0
File1_4463+File2_7082,1.0
File2_4310+File1_4242,1.0
File1_5305+File2_17771,1.0
File1_5478+File2_19139,1.0
File1_4235+File2_4265,1.0
File1_4303+File2_5208,1.0
File2_17805+File1_5313,1.0
File2_15743+File3_0815,1.0
File1_4449+File2_6875,1.0
File3_0736+File2_14268+File1_4934,1.0
File1_5213+File2_16995,1.0
File3_0734+File1_4922+File2_14086,1.0
File2_2963+File1_4144,1.0
File2_11910+File3_0671,1.0
File1_5105+File3_0939+File2_16223,1.0
File1_5534+File2_19612,1.0
File2_5820+File1_4362,1.0
File3_1184+File1_5817+File2_22240,1.0
File2_23387+File1_5939,1.0
File2_22972+File1_5893,1.0
File2_16277+File3_0876+File1_5111,1.0
File2_7711+File1_4496,1.0
File2_9442+File3_0529+File1_4609,1.0
File1_4863+File2_13271,1.0
File1_4977+File3_0806+File2_14854,1.0
File1_4173+File2_3372,1.0
File2_21188+File1_5693,1.0
File2_20386+File1_5624,1.0
File1_4599+File2_9246,1.0
File1_4344+File2_5622+File3_0323,1.0
File2_0530+File1_3925,1.0
File1_5377+File2_18418+File3_1003,1.0
File3_1218+File2_22897+File1_5882,1.0
File1_5258+File3_0928+File2_17322,1.0
File1_4830+File2_12506,1.0
File2_20321+File1_5617+File3_1107,1.0
File2_17309+File1_5253,1.0
File1_5703+File2_21279+File3_1114,1.0
File1_4410+File2_6505,1.0
File1_5295+File3_0960+File2_17683,1.0
File1_5810+File2_22174,1.0
File2_7702+File1_4495,1.0
File1_4306+File2_5253+File3_1372,1.0
File2_13459+File1_4875,1.0
File1_4302+File2_5201,1.0
File1_5392+File2_18551,1.0
File2_11778+File1_4789+File3_0631,1.0
File3_0380+File1_4291+File2_5082,1.0
File2_22029+File1_5790,1.0
File3_0857+File1_5042+File2_15780,1.0
File1_4391+File3_0331+File2_6218,1.0
File2_11525+File3_0522,1.0
File3_0822+File2_15598+File1_5024,1.0
File2_18081+File1_5342,1.0
File2_11950+File1_4800,1.0
File2_22458+File1_5839+File3_1205,1.0
File2_2742+File3_1499+File1_4132,1.0
File1_5692+File2_21185,1.0
File2_0063+File1_3878,1.0
File1_5541+File2_19652,1.0
File1_5821+File2_22304,1.0
File1_4844+File2_12739,1.0
File1_5103+File2_16203,1.0
File1_5030+File2_15683+File3_0865,1.0
File1_5578+File2_19956,1.0
File1_4757+File2_11241,1.0
File3_0924+File1_5160+File2_16595,1.0
File1_4583+File2_9065,1.0
File1_5202+File2_16909,1.0
File2_7244+File1_4474,1.0
File1_4278+File2_4883,1.0
File1_5523+File2_19514,1.0
File2_22158+File1_5807,1.0
File3_1022+File1_5438+File2_18872,1.0
File2_4521+File1_4252,1.0
File1_5858+File2_22629,1.0
File2_14332+File3_0788+File1_4938,1.0
File1_4547+File2_8406+File3_0354,1.0
File1_5844+File2_22546,1.0
File3_0835+File1_5083+File2_16076,1.0
File1_5699+File2_21225,1.0
File1_4331+File2_5525+File3_0458,1.0
File3_0845+File2_15953+File1_5065,1.0
File1_4366+File2_5881,1.0
File2_4311+File1_4243,1.0
File1_4950+File2_14528,1.0
File1_5116+File2_16309,1.0
File1_5581+File2_19996,1.0
File2_13601+File1_4886,1.0
File2_7175+File1_4468,1.0
File1_5179+File2_16727,1.0
File2_20032+File1_5582,1.0
File2_14856+File3_0747,1.0
File1_4833+File2_12572,1.0
File1_5192+File2_16823,1.0
File2_22443+File1_5837,1.0
File1_5372+File2_18335,1.0
File2_21001+File1_5667+File3_1111,1.0
File1_5835+File2_22406,1.0
File1_5248+File2_17269,1.0
File2_16875+File1_5199,1.0
File1_4336+File2_5589,1.0
File1_4207+File2_3916,1.0
File1_5696+File2_21204+File3_1158,1.0
