"File1_5830","File2_22348","0.7021921718196655"
"File1_4490","File2_7629","1.0"
"File1_5425","File2_18808","1.0"
"File1_5869","File2_22732","0.999073726543777"
"File1_4177","File2_3415","0.7466822934046471"
"File1_4075","File2_1984","0.897601775879278"
"File1_4257","File2_4638","1.0"
"File1_5675","File2_21050","0.75"
"File1_4561","File2_8676","0.7601987563916044"
"File1_4019","File2_1377","0.8801405251165504"
"File1_4957","File2_14576","1.0"
"File1_5652","File2_20838","0.75"
"File1_4228","File2_4173","0.993692368781021"
"File1_4176","File2_3413","0.9960340418880236"
"File1_5424","File2_18808","0.9104966334375691"
"File1_3944","File2_0714","0.9054843123521347"
"File1_4457","File2_7004","0.7158708124791502"
"File1_5472","File2_19106","0.9944402536677719"
"File1_3945","File2_0715","0.8585142693581375"
"File1_4864","File2_13312","0.7203506743815429"
"File1_4884","File2_13553","1.0"
"File1_5047","File2_15805","0.75"
"File1_5374","File2_18400","1.0"
"File1_4457","File2_7005","0.7470523637028363"
"File1_4039","File2_1571","0.83560827771905"
"File1_4701","File2_10446","1.0"
"File1_5002","File2_15193","1.0"
"File1_5178","File2_16718","1.0"
"File1_4512","File2_7953","1.0"
"File1_5727","File2_21422","1.0"
"File1_4834","File2_12602","1.0"
"File1_4566","File2_8713","0.8498821764392024"
"File1_4229","File2_4174","0.9982643400673955"
"File1_5677","File2_21050","0.7152626950639642"
"File1_4362","File2_5824","0.9380774289332563"
"File1_4083","File2_2075","0.740646363439903"
"File1_4598","File2_9238","1.0"
"File1_4030","File2_1458","0.826499034659077"
"File1_5323","File2_17893","1.0"
"File1_4713","File2_10543","1.0"
"File1_4561","File2_8675","1.0"
"File1_4956","File2_14574","1.0"
"File1_4566","File2_8712","0.7269527198185814"
"File1_4875","File2_13459","1.0"
"File1_5056","File2_15906","1.0"
"File1_4207","File2_3916","0.9920747636442285"
"File1_4686","File2_10291","1.0"
"File1_3975","File2_0940","0.9191310191772433"
"File1_4997","File2_15117","0.7053153725092547"
"File1_4003","File2_1169","0.8595268784424652"
"File1_5617","File2_20321","0.9237057045835497"
"File1_4061","File2_1820","0.7682073801465372"
"File1_5805","File2_22173","0.8530272738569347"
"File1_4848","File2_12878","0.8142069283205505"
"File1_4950","File2_14528","1.0"
"File1_5333","File2_17990","0.9791981835519845"
"File1_5601","File2_20168","0.8125"
"File1_4222","File2_4097","0.9158389735692084"
"File1_3976","File2_0946","0.8650568498568301"
"File1_4977","File2_14854","1.0"
"File1_4223","File2_4096","1.0"
"File1_5758","File2_21766","0.75"
"File1_5339","File2_18051","0.8850409244289389"
"File1_4566","File2_8711","1.0"
"File1_4186","File2_3542","1.0"
"File1_4903","File2_13881","1.0"
"File1_5778","File2_21909","0.9990164638338666"
"File1_4168","File2_3339","0.8100210211811206"
"File1_4426","File2_6657","0.75"
"File1_4824","File2_12413","1.0"
"File1_5345","File2_18112","0.75"
"File1_4029","File2_1450","0.8425263387769557"
"File1_4825","File2_12414","1.0"
"File1_5900","File2_23089","0.9992638607202482"
"File1_4349","File2_5660","1.0"
"File1_4919","File2_14045","1.0"
"File1_4586","File2_9118","0.7555185569705012"
"File1_3878","File2_0063","0.8932159628113421"
"File1_4418","File2_6539","1.0"
"File1_5404","File2_18616","1.0"
"File1_5714","File2_21320","1.0"
"File1_4950","File2_14527","0.8182127689567592"
"File1_4381","File2_6081","1.0"
"File1_4334","File2_5582","1.0"
"File1_4223","File2_4097","0.9089116155509567"
"File1_4776","File2_11590","0.75"
"File1_5479","File2_19140","1.0"
"File1_4222","File2_4096","0.9345312327362665"
"File1_5532","File2_19606","0.8513642299745031"
"File1_5488","File2_19203","0.897444187979515"
"File1_5830","File2_22345","0.730812492209298"
"File1_5145","File2_16506","1.0"
"File1_5941","File2_23405","0.8664024576653039"
"File1_3903","File2_0401","0.8568871016985691"
"File1_4950","File2_14526","0.9773874335852775"
"File1_3894","File2_0220","0.7186169537181325"
"File1_5178","File2_16714","0.822705830513794"
"File1_4864","File2_13311","0.7561501713229044"
"File1_4224","File2_4089","0.9182054606004478"
"File1_4666","File2_10056","1.0"
"File1_4888","File2_13640","1.0"
"File1_4479","File2_7420","0.8444612951201743"
"File1_4239","File2_4294","0.75"
"File1_4363","File2_5827","1.0"
"File1_5788","File2_22021","1.0"
"File1_5830","File2_22346","0.7035880599568176"
"File1_4185","File2_3540","1.0"
"File1_4321","File2_5375","0.75"
"File1_4575","File2_8840","0.8582992135421756"
"File1_4160","File2_3211","0.9019707964794492"
"File1_4558","File2_8639","1.0"
"File1_5809","File2_22170","0.9994694578787506"
"File1_5557","File2_19802","1.0"
"File1_4485","File2_7497","1.0"
"File1_4061","File2_1821","0.8614384544568213"
"File1_4320","File2_5370","0.8125"
"File1_5859","File2_22639","0.9990096140566309"
"File1_3894","File2_0221","0.8470078478503988"
"File1_4864","File2_13310","0.8402593093431138"
"File1_4474","File2_7244","1.0"
"File1_5033","File2_15707","1.0"
"File1_4609","File2_9442","1.0"
"File1_4019","File2_1376","0.7588119749276692"
"File1_4899","File2_13786","0.75"
"File1_4147","File2_3009","0.9268872844904386"
"File1_4853","File2_12970","1.0"
"File1_5488","File2_19201","1.0"
"File1_4576","File2_8840","1.0"
"File1_5494","File2_19257","0.9536729488289601"
"File1_4817","File2_12274","1.0"
"File1_4797","File2_11928","0.75"
"File1_4824","File2_12410","0.7475601075351365"
"File1_5167","File2_16657","0.8168859988331334"
"File1_4492","File2_7667","1.0"
"File1_4770","File2_11509","1.0"
"File1_4477","File2_7379","1.0"
"File1_4482","File2_7457","1.0"
"File1_4214","File2_4014","0.7974920730484523"
"File1_5810","File2_22148","0.7524783767177152"
"File1_5916","File2_23234","0.9992442064219065"
"File1_5826","File2_22336","0.9993150629761176"
"File1_3963","File2_0861","0.8603468056598866"
"File1_5494","File2_19256","1.0"
"File1_4931","File2_14242","1.0"
"File1_4116","File2_2531","0.8091532274283284"
"File1_5417","File2_18757","0.9367162840000423"
"File1_4950","File2_14523","0.847040341652262"
"File1_4482","File2_7458","0.7612346032168879"
"File1_5167","File2_16658","0.9519979958304599"
"File1_4215","File2_4016","0.9071261774944619"
"File1_5627","File2_20408","0.9959008737399135"
"File1_4848","File2_12873","1.0"
"File1_5810","File2_22149","0.8699796098929911"
"File1_5170","File2_16661","1.0"
"File1_4470","File2_7202","0.836494353665302"
"File1_4431","File2_6694","0.75"
"File1_4928","File2_14184","1.0"
"File1_5689","File2_21157","0.7072704184430547"
"File1_4432","File2_6695","1.0"
"File1_5136","File2_16447","1.0"
"File1_4595","File2_9232","0.8974313103578542"
"File1_4335","File2_5587","1.0"
"File1_5203","File2_16919","0.7549602533755487"
"File1_4813","File2_12228","0.748146751222595"
"File1_5093","File2_16142","1.0"
"File1_4544","File2_8383","0.8336541508553403"
"File1_4729","File2_10686","1.0"
"File1_4728","File2_10685","0.8125"
"File1_4790","File2_11791","1.0"
"File1_4824","File2_12412","0.7499765581504332"
"File1_4116","File2_2532","0.705126374311884"
"File1_4626","File2_9644","1.0"
"File1_4215","File2_4015","1.0"
"File1_5778","File2_21904","0.8885093791389256"
"File1_4371","File2_5941","0.75"
"File1_4913","File2_14002","1.0"
"File1_4524","File2_8098","0.7409900884677727"
"File1_5539","File2_19646","0.9852543011549554"
"File1_4950","File2_14522","0.9453615238017434"
"File1_5689","File2_21156","0.8234389544391277"
"File1_5079","File2_16038","1.0"
"File1_4902","File2_13880","1.0"
"File1_4824","File2_12411","0.8360227531821341"
"File1_4623","File2_9600","0.7610064469305742"
"File1_5151","File2_16550","0.75"
"File1_5470","File2_19096","0.9307956504789645"
"File1_5905","File2_23133","0.9995856835624458"
"File1_5719","File2_21367","1.0"
"File1_4290","File2_5052","0.8125"
"File1_5417","File2_18759","0.7455197939588991"
"File1_5526","File2_19549","1.0"
"File1_4524","File2_8097","0.7436025471703084"
"File1_5792","File2_22037","0.9995286137023129"
"File1_5596","File2_20126","1.0"
"File1_5547","File2_19701","0.8370680847623475"
"File1_5791","File2_22036","0.9989221435314668"
"File1_5689","File2_21155","1.0"
"File1_4938","File2_14332","1.0"
"File1_4881","File2_13512","0.75"
"File1_4261","File2_4716","0.9924449175476816"
"File1_4880","File2_13508","0.8059990916196018"
"File1_5939","File2_23387","0.9992381075782905"
"File1_5726","File2_21425","0.9843800549996654"
"File1_4585","File2_9112","0.75"
"File1_3965","File2_0864","0.7857034867365111"
"File1_5778","File2_21902","0.886804750343303"
"File1_5628","File2_20426","1.0"
"File1_4481","File2_7456","0.9444025366777318"
"File1_5763","File2_21807","0.9551943461895729"
"File1_5685","File2_21110","0.75"
"File1_5843","File2_22539","0.9995327313642597"
"File1_5462","File2_19040","1.0"
"File1_4307","File2_5266","1.0"
"File1_4950","File2_14520","0.8852977541717457"
"File1_4687","File2_10295","1.0"
"File1_5089","File2_16132","1.0"
"File1_4648","File2_9933","1.0"
"File1_4895","File2_13748","1.0"
"File1_4214","File2_4011","0.8123076745888991"
"File1_4838","File2_12695","0.75"
"File1_4837","File2_12686","1.0"
"File1_5470","File2_19098","1.0"
"File1_5541","File2_19652","1.0"
"File1_5939","File2_23388","0.8461695205939437"
"File1_5219","File2_17031","1.0"
"File1_4400","File2_6377","1.0"
"File1_5567","File2_19854","0.7511599585167643"
"File1_4639","File2_9850","1.0"
"File1_5678","File2_21056","1.0"
"File1_5631","File2_20460","0.7287515380291457"
"File1_5737","File2_21610","0.8039854254235999"
"File1_4744","File2_10978","0.7475950184452553"
"File1_4751","File2_11081","0.9120247822511398"
"File1_4886","File2_13601","1.0"
"File1_5816","File2_22237","0.8763657748425345"
"File1_4907","File2_13926","0.75"
"File1_4182","File2_3491","0.75"
"File1_4681","File2_10254","0.75"
"File1_5482","File2_19151","0.9077845238471713"
"File1_5763","File2_21805","1.0"
"File1_5569","File2_19855","0.7492969882652096"
"File1_4214","File2_4012","0.9476512987001343"
"File1_5290","File2_17641","1.0"
"File1_4931","File2_14243","0.8143553057972616"
"File1_4838","File2_12694","0.746108850889851"
"File1_5542","File2_19654","1.0"
"File1_4362","File2_5820","1.0"
"File1_5817","File2_22233","0.951210662515094"
"File1_4225","File2_4134","1.0"
"File1_4567","File2_8718","1.0"
"File1_5733","File2_21529","0.8125"
"File1_4117","File2_2537","0.772244211526409"
"File1_3964","File2_0862","1.0"
"File1_4336","File2_5589","1.0"
"File1_5508","File2_19390","0.7627680153825868"
"File1_4173","File2_3372","0.9503476576589545"
"File1_4480","File2_7454","0.75"
"File1_5776","File2_21901","0.9998348024313939"
"File1_4723","File2_10643","1.0"
"File1_5463","File2_19045","1.0"
"File1_5888","File2_22930","0.9990733756112975"
"File1_4054","File2_1704","0.7920281683178542"
"File1_5595","File2_20123","0.7323047700818694"
"File1_5688","File2_21154","0.7221730669577937"
"File1_4298","File2_5182","0.8272958685058343"
"File1_4596","File2_9231","1.0"
"File1_5077","File2_16035","1.0"
"File1_4837","File2_12688","0.9239963009842962"
"File1_4595","File2_9230","1.0"
"File1_5750","File2_21710","1.0"
"File1_5393","File2_18552","0.75"
"File1_4836","File2_12682","1.0"
"File1_5067","File2_15962","1.0"
"File1_4945","File2_14479","0.8495370086887172"
"File1_4718","File2_10583","1.0"
"File1_5392","File2_18551","1.0"
"File1_4310","File2_5301","1.0"
"File1_3950","File2_0741","0.9249899184672743"
"File1_5153","File2_16557","1.0"
"File1_4846","File2_12782","0.75"
"File1_4127","File2_2651","0.9430614501399954"
"File1_4677","File2_10205","1.0"
"File1_5350","File2_18157","1.0"
"File1_5784","File2_21963","0.7057902519991405"
"File1_4656","File2_10008","1.0"
"File1_5203","File2_16924","0.7838940907491321"
"File1_5192","File2_16823","1.0"
"File1_5184","File2_16769","1.0"
"File1_5067","File2_15963","0.8355048648858785"
"File1_4900","File2_13841","1.0"
"File1_4333","File2_5546","0.7816947581867495"
"File1_5168","File2_16651","1.0"
"File1_5264","File2_17477","1.0"
"File1_4310","File2_5302","0.892760247655595"
"File1_3950","File2_0740","0.9143453699511132"
"File1_4517","File2_7995","0.8617884303749632"
"File1_5340","File2_18051","1.0"
"File1_5658","File2_20930","1.0"
"File1_4409","File2_6495","0.9317507123071653"
"File1_4024","File2_1417","0.7474892223224784"
"File1_5640","File2_20699","0.875"
"File1_4879","File2_13497","0.75"
"File1_5874","File2_22828","0.9403993002893927"
"File1_4649","File2_9935","1.0"
"File1_5120","File2_16345","1.0"
"File1_5311","File2_17800","0.8125"
"File1_5752","File2_21714","0.75"
"File1_4344","File2_5622","1.0"
"File1_4301","File2_5184","1.0"
"File1_4281","File2_4909","0.75"
"File1_5571","File2_19869","1.0"
"File1_4157","File2_3162","0.9909282642714108"
"File1_5026","File2_15651","0.75"
"File1_4680","File2_10242","0.7800083084725412"
"File1_4771","File2_11512","1.0"
"File1_5548","File2_19697","0.75"
"File1_5384","File2_18495","0.8125"
"File1_4351","File2_5696","0.75"
"File1_4555","File2_8588","0.8293491018786444"
"File1_4636","File2_9763","0.8703571611760441"
"File1_4806","File2_11980","0.8125"
"File1_4113","File2_2442","0.7920297483069462"
"File1_5825","File2_22330","0.8198516476613289"
"File1_4742","File2_10922","1.0"
"File1_4839","File2_12698","1.0"
"File1_4555","File2_8587","1.0"
"File1_4987","File2_14903","0.7316398505420035"
"File1_4287","File2_5017","0.75"
"File1_3933","File2_0585","0.7137454366211828"
"File1_4620","File2_9554","1.0"
"File1_3952","File2_0783","0.7993968455457537"
"File1_4393","File2_6247","0.7607683049852013"
"File1_5403","File2_18614","0.9694378580980081"
"File1_4486","File2_7503","1.0"
"File1_3903","File2_0393","0.8788142678445765"
"File1_5784","File2_21967","0.7496181285897878"
"File1_4158","File2_3165","0.7433367294192765"
"File1_4292","File2_5087","1.0"
"File1_5792","File2_22038","0.7786356925800368"
"File1_4657","File2_10009","1.0"
"File1_4534","File2_8258","0.7589546422145861"
"File1_5202","File2_16909","1.0"
"File1_4984","File2_14903","1.0"
"File1_5295","File2_17683","1.0"
"File1_5481","File2_19143","0.75"
"File1_5174","File2_16669","1.0"
"File1_5204","File2_16920","1.0"
"File1_5313","File2_17805","1.0"
"File1_4491","File2_7665","1.0"
"File1_3952","File2_0782","0.8140323021840754"
"File1_4393","File2_6246","0.7621328816134499"
"File1_4516","File2_7992","0.75"
"File1_4588","File2_9144","1.0"
"File1_5134","File2_16441","0.875"
"File1_4032","File2_1490","0.7306790995344681"
"File1_4292","File2_5088","0.7698452812174316"
"File1_5144","File2_16499","0.9530118929900184"
"File1_4658","File2_10009","0.8582118450158408"
"File1_5285","File2_17586","1.0"
"File1_5538","File2_19640","1.0"
"File1_4771","File2_11515","0.8672799776677715"
"File1_4943","File2_14435","0.75"
"File1_4014","File2_1290","0.9339713177700721"
"File1_4496","File2_7711","1.0"
"File1_5203","File2_16922","0.8965212718917421"
"File1_4503","File2_7784","0.842966421753328"
"File1_5533","File2_19599","1.0"
"File1_5578","File2_19956","1.0"
"File1_4393","File2_6245","1.0"
"File1_4517","File2_7994","1.0"
"File1_5172","File2_16666","1.0"
"File1_5667","File2_21001","1.0"
"File1_5128","File2_16381","1.0"
"File1_5916","File2_23236","0.7419580914764647"
"File1_4914","File2_14005","1.0"
"File1_4409","File2_6496","1.0"
"File1_4213","File2_3997","1.0"
"File1_4889","File2_13683","0.8873945970065915"
"File1_4025","File2_1419","0.8066122426163438"
"File1_5144","File2_16498","1.0"
"File1_5135","File2_16443","1.0"
"File1_5870","File2_22733","0.999589012394274"
"File1_4119","File2_2575","0.7556762573081893"
"File1_4534","File2_8256","1.0"
"File1_4234","File2_4259","0.9244580620930979"
"File1_4988","File2_14905","0.7899647369516076"
"File1_4772","File2_11517","1.0"
"File1_4946","File2_14479","0.8623344581982083"
"File1_5508","File2_19386","0.8804103567094117"
"File1_5638","File2_20517","1.0"
"File1_3903","File2_0394","0.8537254701848082"
"File1_5810","File2_22147","0.8512017632366564"
"File1_3890","File2_0183","0.7477950724383314"
"File1_5802","File2_22131","0.9997461291848146"
"File1_4889","File2_13682","1.0"
"File1_4024","File2_1419","0.8114184201923439"
"File1_5532","File2_19598","0.9748360919183903"
"File1_5008","File2_15321","0.7495799141342653"
"File1_5737","File2_21608","0.702351163050145"
"File1_4743","File2_10925","1.0"
"File1_5749","File2_21706","0.8125"
"File1_4375","File2_6005","1.0"
"File1_5084","File2_16090","1.0"
"File1_5660","File2_20945","0.8344041867810055"
"File1_4503","File2_7782","0.7561913353018949"
"File1_5113","File2_16284","1.0"
"File1_5025","File2_15614","1.0"
"File1_4423","File2_6623","0.7386742209389034"
"File1_5394","File2_18553","0.75"
"File1_5639","File2_20551","0.7535329264331903"
"File1_3894","File2_0222","0.776708410222596"
"File1_4222","File2_4089","1.0"
"File1_4422","File2_6620","0.864594451897972"
"File1_5893","File2_22972","0.9993676840590409"
"File1_5489","File2_19205","1.0"
"File1_4623","File2_9596","0.7606607630172899"
"File1_4463","File2_7082","1.0"
"File1_4915","File2_14006","1.0"
"File1_5586","File2_20061","1.0"
"File1_4271","File2_4780","1.0"
"File1_4403","File2_6410","0.809180608814121"
"File1_5177","File2_16714","1.0"
"File1_4503","File2_7781","1.0"
"File1_3882","File2_0101","0.7680898758234517"
"File1_4999","File2_15154","0.7671164690962782"
"File1_4423","File2_6622","1.0"
"File1_5426","File2_18814","1.0"
"File1_4166","File2_3333","0.9033681920876935"
"File1_4255","File2_4583","0.8204859960532014"
"File1_5560","File2_19819","1.0"
"File1_4223","File2_4089","0.9345312327362665"
"File1_4437","File2_6774","1.0"
"File1_4568","File2_8752","0.75"
"File1_4844","File2_12739","1.0"
"File1_3895","File2_0228","0.7097843345784418"
"File1_4684","File2_10301","0.7121808615051772"
"File1_4747","File2_11034","0.7176744199680289"
"File1_4353","File2_5707","1.0"
"File1_4541","File2_8337","0.7792042446539388"
"File1_4623","File2_9593","1.0"
"File1_5278","File2_17530","1.0"
"File1_5176","File2_16712","1.0"
"File1_4655","File2_10001","0.7214925480852364"
"File1_5034","File2_15713","1.0"
"File1_4224","File2_4097","0.9954954961445206"
"File1_4434","File2_6744","1.0"
"File1_4448","File2_6864","1.0"
"File1_4688","File2_10308","1.0"
"File1_4437","File2_6777","0.9157074370615591"
"File1_5259","File2_17330","1.0"
"File1_4077","File2_2009","0.83772295041557"
"File1_4250","File2_4450","1.0"
"File1_5489","File2_19207","0.9008106480966702"
"File1_5118","File2_16332","0.8125"
"File1_4623","File2_9594","0.7139060051772184"
"File1_5450","File2_18977","1.0"
"File1_4224","File2_4096","0.907973151012593"
"File1_5547","File2_19695","1.0"
"File1_4534","File2_8259","0.8198898662027007"
"File1_4572","File2_8800","1.0"
"File1_5427","File2_18818","1.0"
"File1_4417","File2_6531","1.0"
"File1_3951","File2_0744","0.7481219077708514"
"File1_5772","File2_21862","0.999258700489038"
"File1_4763","File2_11366","1.0"
"File1_4380","File2_6077","0.982894874378939"
"File1_4862","File2_13265","1.0"
"File1_4577","File2_8872","0.8884506678070097"
"File1_5005","File2_15271","1.0"
"File1_3973","File2_0941","0.8467506299863315"
"File1_4445","File2_6821","0.75"
"File1_4187","File2_3571","0.7215057739380768"
"File1_4901","File2_13843","1.0"
"File1_5640","File2_20700","0.7617221862651966"
"File1_5789","File2_22027","0.7492072793965852"
"File1_4187","File2_3572","0.75"
"File1_4541","File2_8336","1.0"
"File1_4500","File2_7740","1.0"
"File1_5090","File2_16136","1.0"
"File1_5263","File2_17470","1.0"
"File1_5110","File2_16284","0.9049995256522136"
"File1_4061","File2_1815","0.8035287372326505"
"File1_5177","File2_16718","0.822705830513794"
"File1_5896","File2_23048","0.9990614682583674"
"File1_4978","File2_14860","0.75"
"File1_5362","File2_18212","0.75"
"File1_5221","File2_17037","1.0"
"File1_4146","File2_2981","0.9959319240099753"
"File1_4463","File2_7085","0.7820571545250949"
"File1_4037","File2_1536","0.7858642599023657"
"File1_5854","File2_22581","0.999074510062394"
"File1_5627","File2_20411","0.7150241034636752"
"File1_4049","File2_1658","0.7176952066626099"
"File1_4208","File2_3924","1.0"
"File1_5506","File2_19345","0.75"
"File1_4251","File2_4454","0.9900311826187547"
"File1_4033","File2_1498","0.7838723534065085"
"File1_4399","File2_6374","1.0"
"File1_5594","File2_20121","1.0"
"File1_4685","File2_10301","0.8991316087252972"
"File1_4649","File2_9938","0.7248026536767422"
"File1_5413","File2_18719","1.0"
"File1_4410","File2_6505","1.0"
"File1_4300","File2_5182","1.0"
"File1_4085","File2_2081","0.7243719392443279"
"File1_5469","File2_19095","1.0"
"File1_4784","File2_11740","1.0"
"File1_4979","File2_14861","1.0"
"File1_4652","File2_9964","1.0"
"File1_4180","File2_3459","0.9937231091903735"
"File1_4299","File2_5175","0.75"
"File1_4325","File2_5425","0.7442509127356054"
"File1_4957","File2_14577","0.9237436016730118"
"File1_4869","File2_13395","1.0"
"File1_4435","File2_6746","1.0"
"File1_5212","File2_16995","0.8102577514757815"
"File1_4176","File2_3402","0.8940158010069695"
"File1_4665","File2_10041","0.8125"
"File1_5858","File2_22625","0.8815501667075856"
"File1_5876","File2_22863","0.999049001454636"
"File1_5179","File2_16727","1.0"
"File1_5844","File2_22546","0.9994354459893606"
"File1_5332","File2_17981","0.75"
"File1_4420","File2_6568","0.7047785787038544"
"File1_5731","File2_21499","0.875"
"File1_5720","File2_21368","1.0"
"File1_4747","File2_11007","0.8002863081579106"
"File1_5078","File2_16065","0.7163521882642145"
"File1_4176","File2_3401","0.8590688691771065"
"File1_4274","File2_4841","0.9641362727000786"
"File1_4322","File2_5382","1.0"
"File1_4269","File2_4749","0.75"
"File1_4483","File2_7485","1.0"
"File1_5857","File2_22623","0.9994440253667785"
"File1_4513","File2_7963","0.7037386588224259"
"File1_5327","File2_17909","0.9888465348206108"
"File1_4802","File2_11966","0.7545374637581148"
"File1_4125","File2_2628","0.7179218135455597"
"File1_4953","File2_14555","0.977502513342795"
"File1_4565","File2_8703","1.0"
"File1_4488","File2_7534","1.0"
"File1_5821","File2_22304","0.9991723770290664"
"File1_4883","File2_13540","1.0"
"File1_4590","File2_9178","1.0"
"File1_3920","File2_0506","0.9236878167780971"
"File1_4635","File2_9717","0.8125"
"File1_5276","File2_17528","1.0"
"File1_4416","File2_6526","0.8664348266493939"
"File1_5725","File2_21412","1.0"
"File1_5106","File2_16229","1.0"
"File1_4587","File2_9128","0.8125"
"File1_4308","File2_5279","1.0"
"File1_4450","File2_6908","1.0"
"File1_4953","File2_14554","1.0"
"File1_5746","File2_21698","0.8125"
"File1_5820","File2_22300","0.7908777419714638"
"File1_5708","File2_21303","0.7084947300654445"
"File1_4057","File2_1732","0.7803523474614504"
"File1_4420","File2_6566","0.7035188881184464"
"File1_4286","File2_5007","1.0"
"File1_4168","File2_3349","0.9356778407035411"
"File1_4458","File2_7013","1.0"
"File1_5858","File2_22622","0.9455012998832981"
"File1_5799","File2_22110","0.720859208109091"
"File1_5338","File2_18048","0.75"
"File1_5509","File2_19401","0.9975950532083033"
"File1_5716","File2_21336","1.0"
"File1_5633","File2_20472","0.9160680961055199"
"File1_5524","File2_19519","0.8811230473834404"
"File1_4834","File2_12613","0.7416249381573279"
"File1_4645","File2_9901","1.0"
"File1_4227","File2_4165","0.9976544152981108"
"File1_5524","File2_19518","0.8374566167311257"
"File1_4737","File2_10861","0.7475922437230744"
"File1_5239","File2_17201","1.0"
"File1_4922","File2_14086","1.0"
"File1_5299","File2_17726","1.0"
"File1_4420","File2_6567","0.7253640303023077"
"File1_5213","File2_16995","1.0"
"File1_5214","File2_16996","1.0"
"File1_5460","File2_19039","1.0"
"File1_4313","File2_5330","0.7097570589542358"
"File1_4161","File2_3247","0.9933180713519696"
"File1_5775","File2_21891","0.9990840430679393"
"File1_5633","File2_20471","0.9576909274257048"
"File1_5858","File2_22629","0.9992360896164808"
"File1_5377","File2_18418","1.0"
"File1_4764","File2_11371","0.7399351536627324"
"File1_3898","File2_0298","0.7070489849721147"
"File1_5609","File2_20238","1.0"
"File1_4871","File2_13423","1.0"
"File1_4460","File2_7023","0.8498771615563794"
"File1_5302","File2_17750","0.75"
"File1_4745","File2_10982","0.75"
"File1_5074","File2_16025","0.75"
"File1_5607","File2_20232","0.8125"
"File1_4990","File2_14958","0.75"
"File1_4935","File2_14294","0.7288080006419073"
"File1_5075","File2_16028","0.8"
"File1_3995","File2_1073","0.8777976019091098"
"File1_4513","File2_7967","0.7037386588224259"
"File1_4079","File2_2037","0.8799778672582355"
"File1_5019","File2_15507","1.0"
"File1_4521","File2_8081","0.8125"
"File1_4416","File2_6525","1.0"
"File1_5633","File2_20470","1.0"
"File1_5039","File2_15747","1.0"
"File1_5330","File2_17954","0.872694226250942"
"File1_4963","File2_14631","1.0"
"File1_4935","File2_14293","0.8125"
"File1_4275","File2_4846","0.954792505459189"
"File1_5482","File2_19149","0.9016889395976204"
"File1_4747","File2_11001","0.8073088017316037"
"File1_4602","File2_9277","0.911320826853399"
"File1_4274","File2_4842","1.0"
"File1_4659","File2_10053","0.8812588447776675"
"File1_5255","File2_17327","0.8487514464903314"
"File1_4074","File2_1979","0.7306355713872625"
"File1_5215","File2_17000","1.0"
"File1_4656","File2_10010","0.8119734936118305"
"File1_5780","File2_21925","0.9990782991108447"
"File1_5330","File2_17953","0.9425092592808444"
"File1_5734","File2_21532","0.7258371844513872"
"File1_4446","File2_6850","0.7253224015097991"
"File1_5730","File2_21494","1.0"
"File1_4602","File2_9276","1.0"
"File1_5770","File2_21849","0.9989078005401304"
"File1_4379","File2_6078","1.0"
"File1_4079","File2_2039","0.9418058501437274"
"File1_4323","File2_5385","1.0"
"File1_5858","File2_22626","0.8293387008314685"
"File1_4415","File2_6522","1.0"
"File1_5250","File2_17281","0.8125"
"File1_5528","File2_19559","1.0"
"File1_5734","File2_21531","1.0"
"File1_4382","File2_6092","0.75"
"File1_5759","File2_21776","1.0"
"File1_4669","File2_10088","1.0"
"File1_3978","File2_0959","0.804347379420239"
"File1_5780","File2_21926","0.7230774016256004"
"File1_4764","File2_11372","0.7492759610327875"
"File1_5738","File2_21661","0.8112963975203558"
"File1_4476","File2_7344","1.0"
"File1_5473","File2_19112","1.0"
"File1_4446","File2_6851","0.8040961408632159"
"File1_4724","File2_10659","0.8125"
"File1_5380","File2_18449","0.725627581326894"
"File1_4466","File2_7156","1.0"
"File1_4571","File2_8781","0.75"
"File1_4703","File2_10454","1.0"
"File1_4750","File2_11075","1.0"
"File1_4835","File2_12655","1.0"
"File1_4872","File2_13426","0.8125"
"File1_4216","File2_4028","0.9917182124156725"
"File1_5904","File2_23123","0.9990737726586689"
"File1_5038","File2_15743","0.8496567427702908"
"File1_5253","File2_17327","0.9223271049034064"
"File1_5523","File2_19514","1.0"
"File1_4864","File2_13309","1.0"
"File1_4759","File2_11309","1.0"
"File1_4478","File2_7387","0.8125"
"File1_5603","File2_20190","0.7969879112655331"
"File1_5309","File2_17793","0.8125"
"File1_4461","File2_7028","0.75"
"File1_5764","File2_21817","1.0"
"File1_4211","File2_3961","1.0"
"File1_4980","File2_14874","1.0"
"File1_4778","File2_11634","1.0"
"File1_5726","File2_21419","1.0"
"File1_5670","File2_21029","0.8698468236090999"
"File1_5342","File2_18092","0.8083910934577723"
"File1_4460","File2_7026","1.0"
"File1_5759","File2_21779","0.9433452988212413"
"File1_5537","File2_19632","1.0"
"File1_5748","File2_21702","1.0"
"File1_5236","File2_17081","0.75"
"File1_5688","File2_21145","1.0"
"File1_4586","File2_9120","0.8675349226684745"
"File1_3939","File2_0648","0.8360896857192588"
"File1_4275","File2_4845","1.0"
"File1_4685","File2_10287","0.8955126472605132"
"File1_5137","File2_16457","0.75"
"File1_3986","File2_1025","0.9202241523617452"
"File1_4821","File2_12357","0.8015171274380454"
"File1_5423","File2_18797","1.0"
"File1_5166","File2_16647","1.0"
"File1_4624","File2_9613","1.0"
"File1_5921","File2_23278","0.9990872432737665"
"File1_5038","File2_15744","1.0"
"File1_5167","File2_16648","1.0"
"File1_5864","File2_22702","0.9994222302292263"
"File1_5537","File2_19633","0.8121782476645079"
"File1_5148","File2_16531","0.75"
"File1_4210","File2_3960","1.0"
"File1_5688","File2_21146","0.7510478439461515"
"File1_5738","File2_21625","1.0"
"File1_4594","File2_9221","0.75"
"File1_4821","File2_12358","1.0"
"File1_5161","File2_16597","0.8722058289090477"
"File1_5425","File2_18798","0.9104966334375691"
"File1_5495","File2_19262","1.0"
"File1_4783","File2_11706","1.0"
"File1_5818","File2_22266","0.7493922837392142"
"File1_4359","File2_5775","1.0"
"File1_4332","File2_5530","0.7277380734111027"
"File1_5116","File2_16307","0.7784597010979608"
"File1_4712","File2_10533","0.9116693655432161"
"File1_5889","File2_22940","0.9989712113509988"
"File1_5524","File2_19517","1.0"
"File1_4664","File2_10040","0.8125"
"File1_5819","File2_22269","0.7492241457470774"
"File1_5756","File2_21736","0.8125"
"File1_5738","File2_21624","0.7688976082524275"
"File1_5873","File2_22822","0.8907835711865651"
"File1_4814","File2_12233","0.7068473903399792"
"File1_5237","File2_17084","0.7600022900460421"
"File1_4685","File2_10285","0.9097328843548869"
"File1_4894","File2_13714","1.0"
"File1_5422","File2_18796","0.8482986149308939"
"File1_5424","File2_18798","1.0"
"File1_5060","File2_15929","0.75"
"File1_5670","File2_21028","0.9925367588114106"
"File1_4625","File2_9616","0.75"
"File1_3909","File2_0394","0.8988025240041463"
"File1_4712","File2_10534","1.0"
"File1_4807","File2_12055","1.0"
"File1_4523","File2_8088","1.0"
"File1_5708","File2_21302","0.7975300219135883"
"File1_5738","File2_21623","0.8108649886986175"
"File1_5004","File2_15249","0.8471538925288765"
"File1_5698","File2_21220","1.0"
"File1_4905","File2_13916","0.8125"
"File1_5644","File2_20729","0.7975831737792785"
"File1_4284","File2_4949","0.8125"
"File1_4703","File2_10456","0.7289008714046448"
"File1_5877","File2_22868","0.8816732627969994"
"File1_5614","File2_20270","0.7938976474967498"
"File1_5419","File2_18766","1.0"
"File1_4217","File2_4029","0.9971428578813355"
"File1_3909","File2_0393","0.8893324199128215"
"File1_4873","File2_13427","1.0"
"File1_5340","File2_18050","0.8850409244289389"
"File1_3996","File2_1079","0.8714124257995058"
"File1_4976","File2_14847","1.0"
"File1_5863","File2_22700","0.7306998418302639"
"File1_4060","File2_1785","0.736747218692739"
"File1_5116","File2_16309","1.0"
"File1_5687","File2_21142","1.0"
"File1_5438","File2_18872","1.0"
"File1_5149","File2_16535","1.0"
"File1_5644","File2_20726","0.9228526235221434"
"File1_5583","File2_20036","0.9662292894896992"
"File1_4837","File2_12699","0.883066230963805"
"File1_5439","File2_18877","0.7325451829992546"
"File1_4906","File2_13919","1.0"
"File1_5877","File2_22869","0.9992434853659666"
"File1_4268","File2_4746","0.75"
"File1_4794","File2_11828","0.75"
"File1_5160","File2_16595","1.0"
"File1_4976","File2_14848","0.8582718997831976"
"File1_5161","File2_16596","1.0"
"File1_5522","File2_19512","0.960594965435492"
"File1_4721","File2_10613","1.0"
"File1_4747","File2_11008","1.0"
"File1_5805","File2_22146","0.9990076698182073"
"File1_4988","File2_14922","1.0"
"File1_4893","File2_13712","1.0"
"File1_5126","File2_16377","0.7724712419578204"
"File1_4503","File2_7778","0.8566444570103937"
"File1_5261","File2_17445","1.0"
"File1_5561","File2_19821","1.0"
"File1_4278","File2_4885","0.8703745185152838"
"File1_5014","File2_15453","1.0"
"File1_5366","File2_18286","0.9883678005424714"
"File1_5927","File2_23327","0.9939923784540281"
"File1_4575","File2_8839","0.7925235671693303"
"File1_4332","File2_5534","0.7145841097163805"
"File1_5837","File2_22463","0.8092429398794789"
"File1_5209","File2_16958","0.8125"
"File1_4576","File2_8839","0.9246084506319301"
"File1_5511","File2_19432","0.9941845862246297"
"File1_4655","File2_9998","0.7208469109185716"
"File1_4203","File2_3867","0.9907135135485883"
"File1_5805","File2_22149","0.7046335219960236"
"File1_5061","File2_15931","1.0"
"File1_5004","File2_15244","1.0"
"File1_4452","File2_6916","1.0"
"File1_4544","File2_8364","0.7824028573393085"
"File1_5175","File2_16678","1.0"
"File1_5317","File2_17833","1.0"
"File1_5203","File2_16911","0.9427511743867368"
"File1_4575","File2_8838","1.0"
"File1_5639","File2_20522","1.0"
"File1_5232","File2_17079","0.7277975551709494"
"File1_5199","File2_16875","1.0"
"File1_5790","File2_22029","0.9989160887491103"
"File1_5699","File2_21225","1.0"
"File1_5837","File2_22462","0.8410177978653167"
"File1_5604","File2_20204","1.0"
"File1_3894","File2_0219","0.7573930095254886"
"File1_4576","File2_8838","0.8582992135421756"
"File1_4810","File2_12145","1.0"
"File1_4811","File2_12146","0.75"
"File1_4984","File2_14917","0.7316398505420035"
"File1_4816","File2_12269","1.0"
"File1_4175","File2_3397","0.9035349985584954"
"File1_5804","File2_22144","0.9994262465018013"
"File1_4278","File2_4883","1.0"
"File1_4636","File2_9752","1.0"
"File1_3907","File2_0383","0.7464364010539626"
"File1_4060","File2_1781","0.7039570031657933"
"File1_4758","File2_11292","1.0"
"File1_5659","File2_20945","1.0"
"File1_5304","File2_17758","0.8125"
"File1_4385","File2_6136","1.0"
"File1_5004","File2_15246","0.8252259486221001"
"File1_5527","File2_19552","1.0"
"File1_5224","File2_17041","1.0"
"File1_5281","File2_17557","1.0"
"File1_5544","File2_19665","0.8095061244558108"
"File1_5930","File2_23356","0.7493168415778996"
"File1_5068","File2_15975","0.7659681046521184"
"File1_5589","File2_20078","1.0"
"File1_5068","File2_15974","1.0"
"File1_5050","File2_15810","0.75"
"File1_4880","File2_13507","1.0"
"File1_5126","File2_16376","1.0"
"File1_5351","File2_18164","0.9522406986940373"
"File1_4201","File2_3820","1.0"
"File1_5535","File2_19631","0.7648169873591679"
"File1_4867","File2_13385","1.0"
"File1_5182","File2_16758","1.0"
"File1_4655","File2_9999","0.875"
"File1_5061","File2_15932","0.7947743919531467"
"File1_4814","File2_12232","1.0"
"File1_4720","File2_10606","1.0"
"File1_4818","File2_12310","0.7173501760319898"
"File1_4249","File2_4417","0.8226164800487148"
"File1_4008","File2_1206","0.9535270285022686"
"File1_4812","File2_12189","1.0"
"File1_5067","File2_15970","0.7710334441794314"
"File1_4544","File2_8361","0.8907109069158422"
"File1_3910","File2_0397","0.936564397959508"
"File1_4615","File2_9516","1.0"
"File1_5226","File2_17045","0.7686206002671038"
"File1_4740","File2_10899","0.7672193058462713"
"File1_5890","File2_22947","0.9988788191656576"
"File1_5910","File2_23204","0.7489404900092462"
"File1_4775","File2_11546","0.75"
"File1_4643","File2_9896","0.802012174861088"
"File1_4149","File2_3010","0.9442897272461559"
"File1_4987","File2_14917","1.0"
"File1_4355","File2_5732","0.8125"
"File1_4544","File2_8360","0.8943005512134385"
"File1_5491","File2_19231","0.817558395545958"
"File1_5226","File2_17044","1.0"
"File1_4139","File2_2890","0.7443673164105526"
"File1_5408","File2_18688","0.9555880703081381"
"File1_5544","File2_19662","1.0"
"File1_5222","File2_17040","1.0"
"File1_4786","File2_11756","0.75"
"File1_4621","File2_9567","1.0"
"File1_4636","File2_9756","0.7559461493551426"
"File1_5203","File2_16910","1.0"
"File1_5091","File2_16140","1.0"
"File1_4912","File2_13992","1.0"
"File1_5492","File2_19231","1.0"
"File1_4832","File2_12562","1.0"
"File1_4140","File2_2904","0.9924479949699943"
"File1_5684","File2_21105","1.0"
"File1_5143","File2_16487","1.0"
"File1_4867","File2_13388","0.7342363171493416"
"File1_5408","File2_18689","0.8349251568350622"
"File1_5447","File2_18955","1.0"
"File1_4247","File2_4368","1.0"
"File1_4535","File2_8269","0.9166666666666666"
"File1_5294","File2_17672","0.8"
"File1_5021","File2_15579","1.0"
"File1_4544","File2_8362","0.7377578454018784"
"File1_4999","File2_15140","1.0"
"File1_5550","File2_19745","1.0"
"File1_4584","File2_9088","1.0"
"File1_5838","File2_22461","0.7162569185912846"
"File1_5383","File2_18481","1.0"
"File1_3985","File2_1029","0.8574405902482987"
"File1_5684","File2_21106","0.8933946423532979"
"File1_4643","File2_9897","1.0"
"File1_4644","File2_9898","0.75"
"File1_4369","File2_5920","0.8125"
"File1_4247","File2_4369","0.9205213553995901"
"File1_4693","File2_10369","0.75"
"File1_5119","File2_16340","0.75"
"File1_4540","File2_8318","1.0"
"File1_5664","File2_20977","1.0"
"File1_4009","File2_1209","0.711240147783053"
"File1_4199","File2_3771","0.75"
"File1_5468","File2_19087","1.0"
"File1_4996","File2_15100","0.75"
"File1_4998","File2_15142","0.8876238810625416"
"File1_4294","File2_5103","1.0"
"File1_5871","File2_22742","0.8633577428609577"
"File1_5006","File2_15286","1.0"
"File1_5086","File2_16103","1.0"
"File1_4029","File2_1449","0.7181029137200932"
"File1_4101","File2_2285","0.7490347313735044"
"File1_4446","File2_6852","1.0"
"File1_4654","File2_9991","0.875"
"File1_4427","File2_6666","0.8125"
"File1_5452","File2_18985","0.948394787715639"
"File1_5105","File2_16223","1.0"
"File1_4949","File2_14518","1.0"
"File1_4356","File2_5737","0.8125"
"File1_4910","File2_13953","0.75"
"File1_4164","File2_3257","1.0"
"File1_4998","File2_15143","0.7088191838865157"
"File1_4294","File2_5104","0.7421027378952816"
"File1_5040","File2_15776","0.9199263191043336"
"File1_4774","File2_11544","1.0"
"File1_4462","File2_7070","1.0"
"File1_5771","File2_21857","0.8613425156742297"
"File1_4007","File2_1205","0.7362151146341758"
"File1_4038","File2_1544","0.855882356633366"
"File1_5226","File2_17048","0.9449961225026107"
"File1_4865","File2_13342","1.0"
"File1_5396","File2_18565","0.9085924928481437"
"File1_5452","File2_18988","0.7404198921934764"
"File1_4885","File2_13585","0.8125"
"File1_4843","File2_12727","1.0"
"File1_3906","File2_0388","0.7001075769823992"
"File1_5087","File2_16104","1.0"
"File1_4447","File2_6853","1.0"
"File1_5444","File2_18916","0.9333049328180123"
"File1_4451","File2_6913","1.0"
"File1_5303","File2_17753","1.0"
"File1_5414","File2_18726","1.0"
"File1_5771","File2_21858","0.9622207119081602"
"File1_4008","File2_1207","0.7610231794065342"
"File1_5450","File2_18941","0.8276467669502461"
"File1_4413","File2_6520","1.0"
"File1_5635","File2_20520","0.7279947395895456"
"File1_4611","File2_9460","1.0"
"File1_5452","File2_18987","0.9865980715207856"
"File1_5646","File2_20777","1.0"
"File1_5871","File2_22741","0.9993321245788926"
"File1_5226","File2_17046","0.9110508525876193"
"File1_5339","File2_18050","1.0"
"File1_5040","File2_15774","1.0"
"File1_5444","File2_18915","1.0"
"File1_5041","File2_15775","1.0"
"File1_4156","File2_3158","0.8322341338012595"
"File1_5018","File2_15490","1.0"
"File1_4454","File2_6957","1.0"
"File1_5450","File2_18940","0.736698587152692"
"File1_4285","File2_4983","0.7425987033174765"
"File1_4513","File2_7960","0.75"
"File1_4518","File2_8025","1.0"
"File1_3909","File2_0401","0.9223610250948556"
"File1_4314","File2_5337","1.0"
"File1_4528","File2_8166","0.8443200617462747"
"File1_4866","File2_13383","1.0"
"File1_5895","File2_23006","0.9997383997383483"
"File1_5894","File2_22983","0.7512962615904303"
"File1_5239","File2_17202","0.8758413358965316"
"File1_5359","File2_18208","0.9985762416147765"
"File1_4249","File2_4418","1.0"
"File1_4411","File2_6516","1.0"
"File1_5690","File2_21174","1.0"
"File1_4612","File2_9463","1.0"
"File1_5771","File2_21856","0.827034790293496"
"File1_4163","File2_3254","0.9870443001513293"
"File1_5125","File2_16373","0.75"
"File1_4484","File2_7492","1.0"
"File1_4527","File2_8166","1.0"
"File1_5810","File2_22173","0.7827417903976372"
"File1_5570","File2_19857","0.9283347880651887"
"File1_5582","File2_20032","1.0"
"File1_4094","File2_2191","0.9097424665558376"
"File1_4235","File2_4265","0.9973791509513025"
"File1_5258","File2_17322","1.0"
"File1_5318","File2_17835","0.75"
"File1_5760","File2_21778","1.0"
"File1_4513","File2_7962","0.7037386588224259"
"File1_4657","File2_10011","0.8582118450158408"
"File1_5189","File2_16801","0.8125"
"File1_5810","File2_22174","0.9994143568131185"
"File1_5736","File2_21570","1.0"
"File1_5656","File2_20892","0.75"
"File1_4658","File2_10011","1.0"
"File1_4179","File2_3444","1.0"
"File1_4513","File2_7961","0.7037386588224259"
"File1_5364","File2_18249","0.88226829423664"
"File1_5401","File2_18609","1.0"
"File1_4280","File2_4893","0.99134472204606"
"File1_5654","File2_20859","0.75"
"File1_5570","File2_19859","0.9636405027114949"
"File1_4678","File2_10211","1.0"
"File1_5217","File2_17008","1.0"
"File1_4006","File2_1201","0.7829365775239056"
"File1_5711","File2_21289","0.7975300219135883"
"File1_5239","File2_17205","0.7785337906107967"
"File1_4197","File2_3768","0.9942419300650467"
"File1_5212","File2_16983","0.7948736173857941"
"File1_4530","File2_8191","1.0"
"File1_4941","File2_14407","1.0"
"File1_5453","File2_18991","1.0"
"File1_4198","File2_3770","0.75"
"File1_5634","File2_20484","1.0"
"File1_3974","File2_0916","0.7378901157271044"
"File1_5745","File2_21685","1.0"
"File1_3925","File2_0530","0.8368395024324261"
"File1_5738","File2_21632","0.8030486074198333"
"File1_3978","File2_0964","0.7669754032351396"
"File1_4236","File2_4275","0.9080085354407242"
"File1_5581","File2_20000","0.7841833789826861"
"File1_4459","File2_7026","0.8498771615563794"
"File1_4802","File2_11954","0.9450900135426721"
"File1_5212","File2_16984","0.765730629307004"
"File1_4983","File2_14887","0.8946161949959277"
"File1_4593","File2_9219","1.0"
"File1_4982","File2_14888","0.75"
"File1_4537","File2_8285","1.0"
"File1_5147","File2_16528","1.0"
"File1_5492","File2_19229","0.817558395545958"
"File1_5581","File2_20001","0.8871076189510156"
"File1_5059","File2_15927","1.0"
"File1_4236","File2_4274","0.7674105173713865"
"File1_5058","File2_15926","0.75"
"File1_5796","File2_22055","0.9991816838821364"
"File1_4000","File2_1143","0.7799132707001821"
"File1_5010","File2_15393","1.0"
"File1_5244","File2_17218","1.0"
"File1_4803","File2_11958","1.0"
"File1_4800","File2_11955","0.7450589886108034"
"File1_5739","File2_21630","1.0"
"File1_5491","File2_19229","1.0"
"File1_4668","File2_10078","1.0"
"File1_4370","File2_5926","0.9166666666666666"
"File1_5796","File2_22056","0.7639751002155352"
"File1_4302","File2_5201","1.0"
"File1_5782","File2_21939","0.7880208524795393"
"File1_4592","File2_9216","1.0"
"File1_4547","File2_8405","0.7469180189595518"
"File1_5860","File2_22664","0.9992408027897404"
"File1_5856","File2_22612","0.851558916686162"
"File1_4256","File2_4616","0.8036859994077736"
"File1_4021","File2_1400","0.7085807550032961"
"File1_4444","File2_6799","0.7430091852697598"
"File1_5836","File2_22415","0.9990224392931113"
"File1_5201","File2_16885","1.0"
"File1_4647","File2_9915","0.7049298298286333"
"File1_4896","File2_13763","1.0"
"File1_5880","File2_22892","0.9997559108033833"
"File1_5711","File2_21302","1.0"
"File1_4791","File2_11812","0.8125"
"File1_4547","File2_8406","0.85740825893485"
"File1_4218","File2_4030","1.0"
"File1_5212","File2_16987","0.8094016974369428"
"File1_4267","File2_4738","0.75"
"File1_4191","File2_3681","1.0"
"File1_5917","File2_23255","0.811555030769984"
"File1_3914","File2_0459","0.7710095008260885"
"File1_4126","File2_2638","0.9935900540017555"
"File1_5387","File2_18526","1.0"
"File1_4111","File2_2427","0.8889334130620192"
"File1_4236","File2_4271","0.9923027411644825"
"File1_5286","File2_17618","1.0"
"File1_5535","File2_19628","0.9064017907869419"
"File1_3997","File2_1084","0.8677122424718215"
"File1_3954","File2_0810","0.7841032189809627"
"File1_5255","File2_17312","1.0"
"File1_5475","File2_19129","1.0"
"File1_5405","File2_18639","0.7566924375951146"
"File1_5852","File2_22564","0.9388240405399354"
"File1_4111","File2_2426","0.8333996871801599"
"File1_4779","File2_11665","0.8390934441449563"
"File1_4144","File2_2963","0.9923728891917074"
"File1_4952","File2_14548","0.7304306057590233"
"File1_4058","File2_1762","0.7174098589804438"
"File1_4708","File2_10511","1.0"
"File1_5535","File2_19629","0.9215347495388806"
"File1_5140","File2_16471","0.75"
"File1_5782","File2_21938","0.7958054821208278"
"File1_4800","File2_11951","0.724504547588825"
"File1_3990","File2_1045","0.7489448102072157"
"File1_5624","File2_20386","1.0"
"File1_4983","File2_14886","0.7781020931112028"
"File1_5242","File2_17216","1.0"
"File1_4968","File2_14691","0.8286107454776789"
"File1_4404","File2_6436","0.7275372992546132"
"File1_4651","File2_9948","0.8908900660402115"
"File1_4111","File2_2425","0.8479802025928841"
"File1_4436","File2_6762","1.0"
"File1_4192","File2_3684","0.75"
"File1_4779","File2_11666","0.9334249291030848"
"File1_4058","File2_1763","0.8299395181929826"
"File1_5530","File2_19573","1.0"
"File1_5737","File2_21589","0.7279642143874345"
"File1_4882","File2_13532","0.8125"
"File1_4547","File2_8409","0.7135847263369152"
"File1_5840","File2_22469","0.8912235373870168"
"File1_4324","File2_5398","0.7062517974923002"
"File1_5861","File2_22669","0.9994142701335071"
"File1_4801","File2_11953","1.0"
"File1_4747","File2_11012","0.8015950287492474"
"File1_4800","File2_11950","1.0"
"File1_5600","File2_20143","1.0"
"File1_5242","File2_17217","0.75999230633086"
"File1_4968","File2_14692","1.0"
"File1_4972","File2_14786","1.0"
"File1_4153","File2_3104","0.9901233306740886"
"File1_4424","File2_6641","1.0"
"File1_3974","File2_0915","0.8095497430423675"
"File1_5782","File2_21936","0.8780166428827824"
"File1_4741","File2_10907","1.0"
"File1_5022","File2_15580","0.75"
"File1_4779","File2_11667","0.942077971746307"
"File1_5504","File2_19327","0.7825484452477607"
"File1_5213","File2_16987","0.7251087575278713"
"File1_4683","File2_10270","1.0"
"File1_4181","File2_3474","0.75"
"File1_4001","File2_1146","0.942963608315462"
"File1_4241","File2_4316","0.7332374979415974"
"File1_4981","File2_14886","1.0"
"File1_5043","File2_15782","1.0"
"File1_5503","File2_19326","1.0"
"File1_4964","File2_14649","1.0"
"File1_5000","File2_15169","0.8550038009307972"
"File1_5457","File2_19018","0.75"
"File1_5907","File2_23194","0.7494412586918048"
"File1_4562","File2_8693","0.7484646913255533"
"File1_4144","File2_2966","0.7618299876093202"
"File1_4520","File2_8076","0.7464115602013466"
"File1_4276","File2_4854","1.0"
"File1_3936","File2_0613","0.7888692104806413"
"File1_4649","File2_9952","0.7572837878780444"
"File1_4243","File2_4319","0.7209214507000153"
"File1_5806","File2_22153","0.9997404256815046"
"File1_5342","File2_18081","1.0"
"File1_5000","File2_15168","1.0"
"File1_4711","File2_10527","0.7297560879350191"
"File1_4739","File2_10893","1.0"
"File1_5902","File2_23110","0.9994440253667771"
"File1_4396","File2_6315","1.0"
"File1_5865","File2_22713","1.0"
"File1_4316","File2_5364","0.7277584575057361"
"File1_4651","File2_9949","1.0"
"File1_4069","File2_1933","0.764066834341212"
"File1_3892","File2_0195","0.7879387898822364"
"File1_5081","File2_16065","1.0"
"File1_4520","File2_8075","0.75"
"File1_5158","File2_16579","0.8125"
"File1_5934","File2_23361","0.7000486541051893"
"File1_4684","File2_10271","1.0"
"File1_4984","File2_14936","0.8224455098534561"
"File1_4570","File2_8770","1.0"
"File1_5806","File2_22154","0.7572232806227539"
"File1_4138","File2_2888","0.9520941570506958"
"File1_5623","File2_20381","0.760328215881372"
"File1_4711","File2_10526","0.7451914397513246"
"File1_4564","File2_8693","0.7137012426896041"
"File1_5185","File2_16782","0.7702429524183343"
"File1_4860","File2_13209","0.803826084127974"
"File1_5503","File2_19329","0.8350608588105712"
"File1_3984","File2_1011","0.8715263561516915"
"File1_4685","File2_10275","0.9239410428507218"
"File1_3985","File2_1014","0.7795393119872128"
"File1_4880","File2_13480","0.7730612622259114"
"File1_5711","File2_21303","0.876722641511493"
"File1_4704","File2_10466","1.0"
"File1_4266","File2_4732","0.75"
"File1_5579","File2_19978","1.0"
"File1_4705","File2_10465","0.7408303209620912"
"File1_4188","File2_3607","1.0"
"File1_5253","File2_17312","0.7968136870047732"
"File1_5806","File2_22155","0.711759477435699"
"File1_4191","File2_3680","0.7484323986159676"
"File1_4144","File2_2969","0.7924054174556396"
"File1_5616","File2_20307","1.0"
"File1_4071","File2_1961","0.8221014819232232"
"File1_4845","File2_12762","1.0"
"File1_4421","File2_6592","1.0"
"File1_4137","File2_2842","0.9934198066664157"
"File1_5839","File2_22458","0.9991692191551316"
"File1_5535","File2_19627","1.0"
"File1_4829","File2_12483","0.75"
"File1_4685","File2_10276","0.8202862798089772"
"File1_5009","File2_15346","1.0"
"File1_5095","File2_16162","0.7137127341625998"
"File1_5096","File2_16161","0.7137127341625998"
"File1_4318","File2_5361","1.0"
"File1_5936","File2_23368","0.9997714757423212"
"File1_4798","File2_11949","0.9538417706581149"
"File1_4531","File2_8192","1.0"
"File1_4947","File2_14497","1.0"
"File1_5935","File2_23367","0.999171904943189"
"File1_4581","File2_9046","0.829745566970653"
"File1_4799","File2_11946","0.8995103808064011"
"File1_4205","File2_3893","0.9953730573538395"
"File1_4241","File2_4312","0.9386970805009167"
"File1_4849","File2_12893","1.0"
"File1_4081","File2_2058","0.909071084538698"
"File1_4252","File2_4521","1.0"
"File1_4319","File2_5364","0.8125"
"File1_4064","File2_1849","0.7035382731464357"
"File1_5659","File2_20947","0.8344041867810055"
"File1_4237","File2_4278","0.807236321420419"
"File1_4647","File2_9910","0.75"
"File1_4684","File2_10276","0.7858207644108616"
"File1_4685","File2_10273","1.0"
"File1_4357","File2_5762","1.0"
"File1_5799","File2_22094","0.8452394474506041"
"File1_5095","File2_16161","1.0"
"File1_5096","File2_16162","1.0"
"File1_4366","File2_5881","1.0"
"File1_4205","File2_3894","0.7301361379962455"
"File1_4081","File2_2059","0.7356936916672618"
"File1_4934","File2_14268","1.0"
"File1_4563","File2_8695","1.0"
"File1_5679","File2_21073","0.9885530736948109"
"File1_5659","File2_20946","0.8919177143927142"
"File1_5456","File2_19016","0.9814018123676926"
"File1_4608","File2_9423","1.0"
"File1_5455","File2_19015","1.0"
"File1_3978","File2_0961","0.7806797443734236"
"File1_5807","File2_22158","0.9994151097724637"
"File1_4909","File2_13948","0.8125"
"File1_4357","File2_5763","0.8495331021503688"
"File1_4499","File2_7730","1.0"
"File1_4244","File2_4319","1.0"
"File1_4459","File2_7023","1.0"
"File1_4174","File2_3396","0.8069402536677719"
"File1_4087","File2_2098","0.9273831227201963"
"File1_5023","File2_15588","1.0"
"File1_4241","File2_4314","0.7880970415934356"
"File1_4667","File2_10073","1.0"
"File1_4069","File2_1932","0.7999430899216745"
"File1_5909","File2_23198","0.9988180542957886"
"File1_4453","File2_6919","0.75"
"File1_5030","File2_15683","1.0"
"File1_5671","File2_21036","1.0"
"File1_5337","File2_18031","0.75"
"File1_5007","File2_15305","1.0"
"File1_5298","File2_17710","1.0"
"File1_4694","File2_10376","0.75"
"File1_4799","File2_11949","0.7457254084501928"
"File1_4581","File2_9045","1.0"
"File1_4897","File2_13768","1.0"
"File1_4798","File2_11946","0.8401620002121013"
"File1_4255","File2_4569","0.9939638123004696"
"File1_4642","File2_9869","1.0"
"File1_4981","File2_14887","0.8812271781403196"
"File1_5724","File2_21406","0.75"
"File1_4357","File2_5764","1.0"
"File1_5013","File2_15441","1.0"
"File1_4628","File2_9665","0.7453051111735536"
"File1_5042","File2_15780","1.0"
"File1_4064","File2_1848","0.7035382731464357"
"File1_3897","File2_0280","0.8184330187891296"
"File1_4242","File2_4312","0.8307765472619697"
"File1_5391","File2_18539","1.0"
"File1_4081","File2_2057","0.8974402120585356"
"File1_5835","File2_22410","0.8876620567442682"
"File1_4730","File2_10722","0.75"
"File1_4852","File2_12953","1.0"
"File1_5838","File2_22457","0.9992606136805304"
"File1_4159","File2_3191","0.9976162027604353"
"File1_5754","File2_21727","1.0"
"File1_3978","File2_0963","0.960845434694853"
"File1_4206","File2_3895","0.9917126354725012"
"File1_4265","File2_4731","0.75"
"File1_4740","File2_10900","1.0"
"File1_5799","File2_22096","0.9216234720237653"
"File1_4069","File2_1931","0.963602201017108"
"File1_4502","File2_7765","1.0"
"File1_5767","File2_21835","1.0"
"File1_5671","File2_21038","0.7416723878617799"
"File1_4357","File2_5765","0.8010295827748055"
"File1_5262","File2_17450","0.7210437087667495"
"File1_4878","File2_13473","0.8882954114562303"
"File1_5357","File2_18195","1.0"
"File1_5356","File2_18194","1.0"
"File1_4212","File2_3975","0.9895551728265481"
"File1_5912","File2_23214","0.9994382130112343"
"File1_5644","File2_20724","1.0"
"File1_5431","File2_18843","1.0"
"File1_4777","File2_11618","0.731960950830061"
"File1_4549","File2_8449","1.0"
"File1_4641","File2_9866","1.0"
"File1_4543","File2_8352","1.0"
"File1_5028","File2_15674","0.7129538998365772"
"File1_5671","File2_21037","0.8764896834227061"
"File1_4243","File2_4311","1.0"
"File1_4242","File2_4310","1.0"
"File1_4358","File2_5767","1.0"
"File1_5382","File2_18472","1.0"
"File1_5925","File2_23314","0.9548988089427087"
"File1_4777","File2_11619","0.7295036908858163"
"File1_5546","File2_19676","0.9254773964596144"
"File1_5082","File2_16070","1.0"
"File1_4691","File2_10364","0.87916545694036"
"File1_4406","File2_6470","1.0"
"File1_5316","File2_17821","0.9244321816587793"
"File1_5260","File2_17368","0.9477836508090517"
"File1_5110","File2_16269","1.0"
"File1_5766","File2_21834","1.0"
"File1_5562","File2_19834","0.9372932654393099"
"File1_4241","File2_4310","0.8763634920130662"
"File1_4347","File2_5643","1.0"
"File1_4331","File2_5525","0.75"
"File1_5234","File2_17067","1.0"
"File1_5207","File2_16946","0.7466209547815924"
"File1_4810","File2_12156","0.8478771521516997"
"File1_5157","File2_16575","1.0"
"File1_4545","File2_8397","0.8439087891688981"
"File1_4544","File2_8356","1.0"
"File1_5202","File2_16927","0.8109690801276686"
"File1_4100","File2_2258","0.8299084119695019"
"File1_5710","File2_21292","1.0"
"File1_4104","File2_2341","0.8268236711595781"
"File1_5260","File2_17369","0.7620967322841105"
"File1_5316","File2_17820","1.0"
"File1_5268","File2_17495","0.75"
"File1_4894","File2_13717","0.7649660492239299"
"File1_5766","File2_21833","0.8601357108165084"
"File1_4128","File2_2671","0.7393573497355821"
"File1_4347","File2_5644","0.8239080957281995"
"File1_5786","File2_21987","0.7289629765729462"
"File1_5502","File2_19320","0.9777610146710873"
"File1_5226","File2_17050","0.9070547112143704"
"File1_5466","File2_19071","0.75"
"File1_4554","File2_8560","0.9800875147148421"
"File1_5837","File2_22452","0.902657153394373"
"File1_5670","File2_21034","0.7709377593789304"
"File1_4047","File2_1635","0.7901354933492144"
"File1_5873","File2_22805","0.7237699989263959"
"File1_5717","File2_21340","1.0"
"File1_5260","File2_17366","0.9266876077676083"
"File1_4638","File2_9834","0.8622506827226227"
"File1_4942","File2_14414","1.0"
"File1_5267","File2_17491","1.0"
"File1_4401","File2_6383","0.8712602074978208"
"File1_4710","File2_10519","0.8188915704146651"
"File1_4330","File2_5524","0.7354446885266979"
"File1_4841","File2_12715","1.0"
"File1_4663","File2_10035","1.0"
"File1_4141","File2_2915","0.8051634252060578"
"File1_5630","File2_20444","0.75"
"File1_4090","File2_2138","0.8272587043642587"
"File1_4826","File2_12448","1.0"
"File1_5028","File2_15671","0.7985060043227469"
"File1_4289","File2_5038","1.0"
"File1_3999","File2_1136","0.7383553215759342"
"File1_5886","File2_22907","0.9274254071385106"
"File1_5799","File2_22109","0.7249718536441458"
"File1_3985","File2_1016","0.9664461481958141"
"File1_5099","File2_16170","1.0"
"File1_4422","File2_6608","0.8915988239169362"
"File1_4823","File2_12385","0.75"
"File1_5446","File2_18940","0.75"
"File1_4638","File2_9833","1.0"
"File1_5723","File2_21393","1.0"
"File1_5912","File2_23217","0.706410950169459"
"File1_4833","File2_12572","1.0"
"File1_4804","File2_11960","1.0"
"File1_4392","File2_6221","1.0"
"File1_5037","File2_15733","0.9963605287736774"
"File1_5241","File2_17212","1.0"
"File1_5031","File2_15689","0.75"
"File1_4924","File2_14128","1.0"
"File1_5028","File2_15670","1.0"
"File1_5873","File2_22807","0.7701909081272549"
"File1_4422","File2_6609","0.8882370664679737"
"File1_4233","File2_4235","0.7471623221288255"
"File1_5109","File2_16251","1.0"
"File1_4854","File2_13011","0.75"
"File1_4580","File2_8948","0.8125"
"File1_5313","File2_17826","0.8114659342804499"
"File1_4244","File2_4311","0.7209214507000153"
"File1_4168","File2_3350","0.917130180576214"
"File1_5912","File2_23216","0.7619940358503388"
"File1_5708","File2_21289","1.0"
"File1_4614","File2_9502","0.8125"
"File1_5693","File2_21188","1.0"
"File1_5208","File2_16949","1.0"
"File1_5898","File2_23063","0.9991236604780364"
"File1_4923","File2_14126","1.0"
"File1_4582","File2_9050","1.0"
"File1_5924","File2_23314","0.8215533067139492"
"File1_4773","File2_11534","1.0"
"File1_4818","File2_12301","1.0"
"File1_5755","File2_21731","1.0"
"File1_4444","File2_6800","0.75"
"File1_5113","File2_16269","0.9049995256522136"
"File1_5260","File2_17365","1.0"
"File1_4350","File2_5675","1.0"
"File1_4548","File2_8440","1.0"
"File1_4401","File2_6384","1.0"
"File1_4710","File2_10518","1.0"
"File1_5415","File2_18733","1.0"
"File1_4833","File2_12574","0.8336725316154301"
"File1_5584","File2_20040","1.0"
"File1_4878","File2_13474","0.916445652616281"
"File1_5898","File2_23064","0.7388435845142125"
"File1_5422","File2_18789","1.0"
"File1_4543","File2_8351","0.8562230786533506"
"File1_5545","File2_19673","1.0"
"File1_5670","File2_21030","0.8039325859029042"
"File1_5738","File2_21629","0.8774725025509083"
"File1_4818","File2_12302","0.8052005172341116"
"File1_4633","File2_9695","1.0"
"File1_4011","File2_1231","0.729513608795952"
"File1_4791","File2_11820","0.7018735995309345"
"File1_4152","File2_3100","0.9265587762388364"
"File1_5467","File2_19076","1.0"
"File1_4960","File2_14599","0.7084167369458216"
"File1_4470","File2_7183","1.0"
"File1_4842","File2_12718","0.8696153606143455"
"File1_4386","File2_6141","0.7431701987872885"
"File1_4877","File2_13474","1.0"
"File1_4818","File2_12303","0.8180264632251586"
"File1_5156","File2_16570","0.7395601529831347"
"File1_5372","File2_18335","1.0"
"File1_4916","File2_14029","1.0"
"File1_4747","File2_11010","0.8440286870463921"
"File1_4791","File2_11821","0.7083811279614667"
"File1_4455","File2_6967","0.75"
"File1_4209","File2_3940","0.9966226575367292"
"File1_4948","File2_14505","1.0"
"File1_5563","File2_19838","1.0"
"File1_4313","File2_5329","1.0"
"File1_4026","File2_1431","0.7293356164091332"
"File1_4842","File2_12717","0.773276590829702"
"File1_5580","File2_19989","1.0"
"File1_4876","File2_13474","0.8047434584651897"
"File1_5364","File2_18234","0.9177461474479689"
"File1_4559","File2_8651","0.75"
"File1_5371","File2_18333","1.0"
"File1_4386","File2_6140","1.0"
"File1_5370","File2_18334","0.7460516455613615"
"File1_5650","File2_20821","1.0"
"File1_3974","File2_0921","0.973916216391632"
"File1_4748","File2_11057","1.0"
"File1_4792","File2_11823","0.8125"
"File1_5011","File2_15406","1.0"
"File1_5165","File2_16637","1.0"
"File1_5254","File2_17310","0.8125"
"File1_5037","File2_15734","0.9991581859227727"
"File1_5692","File2_21185","1.0"
"File1_4456","File2_6969","1.0"
"File1_4998","File2_15132","0.7310936439208406"
"File1_5856","File2_22609","0.9988663330558858"
"File1_5669","File2_21027","0.75"
"File1_4470","File2_7185","0.7098558466524587"
"File1_4297","File2_5158","1.0"
"File1_4449","File2_6875","1.0"
"File1_4303","File2_5208","1.0"
"File1_4787","File2_11764","1.0"
"File1_5004","File2_15250","0.8701178696834404"
"File1_5883","File2_22898","0.9990773757600193"
"File1_4819","File2_12307","1.0"
"File1_4818","File2_12306","0.8655614598035071"
"File1_4756","File2_11153","1.0"
"File1_5701","File2_21243","1.0"
"File1_5453","File2_18998","0.7093557027524763"
"File1_4755","File2_11150","1.0"
"File1_4404","File2_6433","1.0"
"File1_5642","File2_20721","1.0"
"File1_5364","File2_18232","0.882898207736367"
"File1_4640","File2_9862","0.7346612393306874"
"File1_4767","File2_11471","0.75"
"File1_5397","File2_18577","0.9424362284434897"
"File1_4103","File2_2296","0.954778141842949"
"File1_5004","File2_15251","0.8638707568662756"
"File1_5663","File2_20968","0.75"
"File1_5635","File2_20489","1.0"
"File1_4707","File2_10508","1.0"
"File1_5213","File2_16982","0.7333399922004624"
"File1_4546","File2_8401","0.876451112504111"
"File1_5316","File2_17823","0.9290767035221579"
"File1_5913","File2_23219","0.9993246268187644"
"File1_4757","File2_11241","1.0"
"File1_4756","File2_11154","0.7526717362672795"
"File1_4169","File2_3357","0.9907337561129487"
"File1_3919","File2_0495","0.7308538422869899"
"File1_3929","File2_0570","0.7488402212765466"
"File1_5882","File2_22897","0.9995340485377195"
"File1_4640","File2_9863","0.7412749512213641"
"File1_5181","File2_16748","1.0"
"File1_4062","File2_1839","0.8080383802724094"
"File1_4102","File2_2294","0.8767699953518926"
"File1_4994","File2_15045","1.0"
"File1_4544","File2_8358","0.8150368188923673"
"File1_5213","File2_16981","0.870171479487407"
"File1_4260","File2_4686","0.9906218166292403"
"File1_4546","File2_8400","1.0"
"File1_4960","File2_14596","1.0"
"File1_5529","File2_19565","1.0"
"File1_4755","File2_11156","0.701684315519569"
"File1_4859","File2_13183","1.0"
"File1_5212","File2_16980","0.746536407802233"
"File1_4102","File2_2295","0.7473872707304812"
"File1_5052","File2_15841","1.0"
"File1_4858","File2_13181","1.0"
"File1_4876","File2_13473","1.0"
"File1_4757","File2_11243","0.9097668445790119"
"File1_4526","File2_8154","1.0"
"File1_5397","File2_18574","1.0"
"File1_5881","File2_22896","1.0"
"File1_4756","File2_11156","0.7916488960013204"
"File1_4697","File2_10423","1.0"
"File1_4735","File2_10808","1.0"
"File1_4698","File2_10424","1.0"
"File1_5212","File2_16981","0.8242189655187201"
"File1_4326","File2_5449","0.75"
"File1_4183","File2_3525","0.8657337561129552"
"File1_4877","File2_13473","0.8047434584651897"
"File1_5322","File2_17874","1.0"
"File1_5706","File2_21284","0.75"
"File1_5705","File2_21283","1.0"
"File1_4997","File2_15130","0.8915676926433925"
"File1_4757","File2_11242","0.7920516165639608"
"File1_4842","File2_12719","1.0"
"File1_5218","File2_17019","1.0"
"File1_4021","File2_1398","0.7239835796333343"
"File1_4679","File2_10226","0.8125"
"File1_5370","File2_18332","1.0"
"File1_4698","File2_10423","0.8768210840511916"
"File1_5386","File2_18520","0.8729465149939154"
"File1_4697","File2_10424","0.8768210840511916"
"File1_5212","File2_16982","0.9208888281356827"
"File1_4544","File2_8359","0.7998406471735149"
"File1_5477","File2_19136","0.9762869793976718"
"File1_4244","File2_4309","0.7434206095156632"
"File1_4479","File2_7459","0.8508656245196358"
"File1_4264","File2_4729","0.75"
"File1_4061","File2_1812","0.7581194927125732"
"File1_4402","File2_6404","1.0"
"File1_4135","File2_2789","0.7677145035426205"
"File1_4317","File2_5354","0.75"
"File1_4403","File2_6407","1.0"
"File1_5519","File2_19502","0.9930460736799618"
"File1_4419","File2_6549","1.0"
"File1_5458","File2_19020","1.0"
"File1_5873","File2_22796","0.9956420106853803"
"File1_5440","File2_18880","0.9501062899351063"
"File1_4226","File2_4143","0.8039543372486071"
"File1_4064","File2_1850","0.7035382731464357"
"File1_4716","File2_10558","1.0"
"File1_5635","File2_20496","0.7377036609705041"
"File1_3895","File2_0232","0.8495062548728087"
"File1_4348","File2_5651","1.0"
"File1_4135","File2_2788","0.9959959227306688"
"File1_4403","File2_6406","0.9258591836148906"
"File1_3915","File2_0467","0.9062079622135097"
"File1_5518","File2_19502","0.7191324428538572"
"File1_4145","File2_2970","0.9909377085516091"
"File1_5602","File2_20176","0.8721350643632839"
"File1_4372","File2_5957","1.0"
"File1_4753","File2_11101","0.8"
"File1_5834","File2_22403","0.9991843610433703"
"File1_5937","File2_23370","0.9889466525879691"
"File1_4939","File2_14363","0.8125"
"File1_4493","File2_7694","1.0"
"File1_5879","File2_22886","0.797901189923141"
"File1_4965","File2_14652","1.0"
"File1_5637","File2_20493","0.9038625034051446"
"File1_4951","File2_14532","1.0"
"File1_3915","File2_0468","0.8995643968076741"
"File1_5253","File2_17309","1.0"
"File1_4077","File2_1996","0.827649306422884"
"File1_4673","File2_10181","1.0"
"File1_4441","File2_6789","1.0"
"File1_4917","File2_14034","0.875"
"File1_5602","File2_20175","0.9685580679695309"
"File1_5364","File2_18227","1.0"
"File1_4511","File2_7941","1.0"
"File1_4051","File2_1664","0.780488786475214"
"File1_4890","File2_13682","0.8873945970065916"
"File1_5938","File2_23372","0.7145269268533245"
"File1_4361","File2_5813","1.0"
"File1_5440","File2_18882","0.831783198314176"
"File1_4171","File2_3366","0.7435155343201925"
"File1_5367","File2_18300","1.0"
"File1_5623","File2_20376","1.0"
"File1_4971","File2_14779","1.0"
"File1_5879","File2_22887","0.8490169172312987"
"File1_4493","File2_7693","0.732030744230103"
"File1_4673","File2_10182","0.8414598228645932"
"File1_4831","File2_12548","1.0"
"File1_4890","File2_13683","1.0"
"File1_5606","File2_20212","0.7433662382985227"
"File1_4779","File2_11651","1.0"
"File1_4178","File2_3424","0.9908756567427989"
"File1_4241","File2_4308","1.0"
"File1_5478","File2_19139","1.0"
"File1_5636","File2_20498","0.9749426072528733"
"File1_4830","File2_12506","1.0"
"File1_4847","File2_12843","0.8106343664395165"
"File1_4300","File2_5167","0.8272958685058343"
"File1_4918","File2_14035","0.75"
"File1_4779","File2_11652","0.7422023155569146"
"File1_5700","File2_21239","1.0"
"File1_4132","File2_2742","0.9355746309026738"
"File1_5073","File2_16002","1.0"
"File1_5605","File2_20210","1.0"
"File1_5213","File2_16978","0.9592041621220707"
"File1_4378","File2_6055","1.0"
"File1_4270","File2_4778","0.75"
"File1_5547","File2_19738","0.8312460557442414"
"File1_4557","File2_8628","1.0"
"File1_4904","File2_13892","0.7739738122426574"
"File1_5459","File2_19022","0.9979765549736839"
"File1_4779","File2_11653","0.7580894088789065"
"File1_5213","File2_16977","0.8102577514757815"
"File1_4388","File2_6150","1.0"
"File1_5756","File2_21751","0.7236997214147513"
"File1_5440","File2_18883","1.0"
"File1_5735","File2_21558","0.75"
"File1_5660","File2_20947","1.0"
"File1_4061","File2_1810","0.9369340500523686"
"File1_5212","File2_16977","1.0"
"File1_5428","File2_18825","1.0"
"File1_5712","File2_21311","1.0"
"File1_5868","File2_22727","0.721299259496079"
"File1_5581","File2_19997","0.8441610902404104"
"File1_4430","File2_6686","0.995998183752206"
"File1_4921","File2_14066","1.0"
"File1_4987","File2_14940","0.7341012763490249"
"File1_4262","File2_4721","0.75"
"File1_4339","File2_5598","1.0"
"File1_5835","File2_22407","0.9124725698546843"
"File1_5505","File2_19339","1.0"
"File1_4242","File2_4308","0.8763634920130662"
"File1_5660","File2_20946","0.8907740534536829"
"File1_4425","File2_6646","1.0"
"File1_5103","File2_16203","1.0"
"File1_4505","File2_7803","1.0"
"File1_5212","File2_16978","0.8498954908848269"
"File1_4847","File2_12842","0.9229185626032947"
"File1_5218","File2_17022","0.7778053326520921"
"File1_5104","File2_16204","1.0"
"File1_4629","File2_9670","0.7725003798228985"
"File1_5622","File2_20373","0.8125"
"File1_4796","File2_11890","1.0"
"File1_4172","File2_3369","0.998146751222595"
"File1_5581","File2_19996","1.0"
"File1_4489","File2_7599","1.0"
"File1_5073","File2_16003","0.8788990056254676"
"File1_3979","File2_0976","0.7779473529072741"
"File1_5835","File2_22406","0.9995142524635587"
"File1_5210","File2_16972","0.75"
"File1_4552","File2_8522","1.0"
"File1_4817","File2_12283","0.8794499402541758"
"File1_4898","File2_13773","1.0"
"File1_4004","File2_1176","0.8126755820877035"
"File1_4258","File2_4669","0.743591263827518"
"File1_4691","File2_10358","0.8537243481973509"
"File1_5212","File2_16979","0.8209823308045439"
"File1_5729","File2_21478","1.0"
"File1_4870","File2_13404","0.8125"
"File1_5567","File2_19847","1.0"
"File1_4989","File2_14944","0.9284750542257807"
"File1_4809","File2_12120","0.75"
"File1_3979","File2_0975","0.9419079975756025"
"File1_5485","File2_19167","0.8125"
"File1_4170","File2_3362","0.9502375162836958"
"File1_5229","File2_17056","1.0"
"File1_5534","File2_19613","0.8797831271611647"
"File1_4316","File2_5352","0.8125"
"File1_4714","File2_10552","1.0"
"File1_5713","File2_21319","1.0"
"File1_4691","File2_10357","1.0"
"File1_4695","File2_10381","1.0"
"File1_4219","File2_4048","0.8646324188359044"
"File1_4291","File2_5083","0.7961116418626086"
"File1_4616","File2_9533","1.0"
"File1_4617","File2_9534","0.7435772546030607"
"File1_5045","File2_15797","1.0"
"File1_5695","File2_21199","1.0"
"File1_5737","File2_21602","0.9649680341073055"
"File1_5913","File2_23220","0.8360754686997575"
"File1_5837","File2_22446","0.7876162802427987"
"File1_5674","File2_21044","1.0"
"File1_4465","File2_7133","1.0"
"File1_4987","File2_14941","0.7860853039452154"
"File1_5534","File2_19612","1.0"
"File1_4543","File2_8393","0.8603073470110654"
"File1_4680","File2_10238","0.7184447840386174"
"File1_5855","File2_22602","0.7491852509168763"
"File1_4468","File2_7176","0.8998438812437053"
"File1_4617","File2_9535","0.75"
"File1_5386","File2_18519","0.9198888601013155"
"File1_4929","File2_14196","1.0"
"File1_4339","File2_5594","0.7719955665944289"
"File1_5737","File2_21603","0.7039008700339502"
"File1_3979","File2_0973","0.7889245956377631"
"File1_4468","File2_7175","1.0"
"File1_4789","File2_11778","1.0"
"File1_4591","File2_9203","1.0"
"File1_4670","File2_10099","1.0"
"File1_4263","File2_4725","0.9884478316291627"
"File1_5567","File2_19844","0.7858275082233831"
"File1_5635","File2_20490","0.830997295561576"
"File1_5001","File2_15179","1.0"
"File1_5817","File2_22240","0.9994440253667785"
"File1_4121","File2_2602","0.9959700618539813"
"File1_5823","File2_22320","0.7496167749817448"
"File1_5133","File2_16438","1.0"
"File1_5213","File2_16979","0.8803459022410867"
"File1_4440","File2_6783","1.0"
"File1_4680","File2_10237","1.0"
"File1_3949","File2_0726","0.8857723662155423"
"File1_4545","File2_8394","1.0"
"File1_5341","File2_18073","0.75"
"File1_5508","File2_19381","0.8095896983820476"
"File1_4962","File2_14615","1.0"
"File1_5801","File2_22125","0.8635956670361169"
"File1_5812","File2_22204","0.8792157533115252"
"File1_5255","File2_17309","0.7968136870047732"
"File1_5185","File2_16772","1.0"
"File1_5837","File2_22443","0.9994142391038204"
"File1_4143","File2_2933","0.9950924176250442"
"File1_4339","File2_5592","0.7330918236354412"
"File1_5083","File2_16076","1.0"
"File1_4722","File2_10633","0.7115224617340629"
"File1_5937","File2_23373","0.7013848400346473"
"File1_5938","File2_23374","0.9992717075874369"
"File1_4319","File2_5352","0.7277584575057361"
"File1_3880","File2_0088","0.8021391573862655"
"File1_5875","File2_22849","0.7477465970775411"
"File1_4367","File2_5894","0.8125"
"File1_4989","File2_14947","0.8096945992037174"
"File1_4618","File2_9536","0.875"
"File1_4831","File2_12546","0.9281928195521365"
"File1_5912","File2_23221","0.856896831679663"
"File1_4338","File2_5590","0.7335755226150464"
"File1_4722","File2_10634","0.7983736448033848"
"File1_5794","File2_22045","0.9603088321355355"
"File1_5227","File2_17051","1.0"
"File1_4726","File2_10675","1.0"
"File1_4599","File2_9246","1.0"
"File1_5812","File2_22202","0.9997437276678638"
"File1_5753","File2_21717","1.0"
"File1_4291","File2_5082","1.0"
"File1_4306","File2_5253","1.0"
"File1_4989","File2_14946","1.0"
"File1_5887","File2_22920","0.9992929307513256"
"File1_5631","File2_20451","0.7358224923186107"
"File1_4984","File2_14941","0.8179438888415809"
"File1_5305","File2_17771","1.0"
"File1_4732","File2_10759","1.0"
"File1_5227","File2_17052","0.936411283908591"
"File1_4820","File2_12338","1.0"
"File1_4827","File2_12450","0.8018695533180519"
"File1_4213","File2_4000","0.8053217519801725"
"File1_5405","File2_18621","1.0"
"File1_5024","File2_15598","1.0"
"File1_4391","File2_6218","1.0"
"File1_5824","File2_22325","0.9993534917979309"
"File1_4653","File2_9977","1.0"
"File1_4056","File2_1710","0.7590215040013879"
"File1_4722","File2_10632","1.0"
"File1_5798","File2_22087","0.9995985500459528"
"File1_5921","File2_23259","0.7695913716831138"
"File1_4042","File2_1607","0.8805160312412635"
"File1_4828","File2_12454","1.0"
"File1_4798","File2_11945","0.762901967487351"
"File1_5779","File2_21921","0.9994150375790578"
"File1_4799","File2_11942","0.799433568920235"
"File1_4312","File2_5315","1.0"
"File1_4514","File2_7985","1.0"
"File1_5801","File2_22121","0.9994172611478398"
"File1_4054","File2_1705","0.7603889773535522"
"File1_5196","File2_16855","1.0"
"File1_4851","File2_12917","1.0"
"File1_3989","File2_1044","0.7609552728712516"
"File1_5381","File2_18466","0.8591652526992852"
"File1_5159","File2_16583","1.0"
"File1_4469","File2_7182","1.0"
"File1_4670","File2_10100","0.8237055270277422"
"File1_5597","File2_20130","1.0"
"File1_4855","File2_13021","1.0"
"File1_4494","File2_7700","1.0"
"File1_5111","File2_16277","1.0"
"File1_4798","File2_11944","0.7679577859819098"
"File1_4395","File2_6256","1.0"
"File1_4583","File2_9065","1.0"
"File1_4662","File2_10029","1.0"
"File1_4574","File2_8815","1.0"
"File1_4660","File2_10023","1.0"
"File1_5923","File2_23300","0.999367191187981"
"File1_4272","File2_4819","1.0"
"File1_5381","File2_18465","1.0"
"File1_4107","File2_2352","0.8526831179887358"
"File1_5799","File2_22093","0.8031068068317821"
"File1_5112","File2_16279","1.0"
"File1_5565","File2_19843","0.7628286231718931"
"File1_5566","File2_19842","0.7084525996429505"
"File1_5016","File2_15477","1.0"
"File1_4495","File2_7702","1.0"
"File1_5493","File2_19250","1.0"
"File1_4799","File2_11944","0.765757377980765"
"File1_4878","File2_13483","1.0"
"File1_5514","File2_19455","1.0"
"File1_5915","File2_23227","0.874629350244519"
"File1_4863","File2_13270","0.731162027254054"
"File1_4661","File2_10027","1.0"
"File1_5232","File2_17058","1.0"
"File1_5436","File2_18854","0.7970929110879523"
"File1_4190","File2_3654","1.0"
"File1_4094","File2_2214","0.7048654665499576"
"File1_5065","File2_15953","1.0"
"File1_5565","File2_19842","0.9635567227673749"
"File1_5566","File2_19843","0.966925602287605"
"File1_4690","File2_10352","1.0"
"File1_4828","File2_12455","0.7142526362712882"
"File1_4799","File2_11945","1.0"
"File1_4761","File2_11319","1.0"
"File1_5554","File2_19769","1.0"
"File1_5503","File2_19333","0.7601908738390953"
"File1_5354","File2_18185","1.0"
"File1_4863","File2_13271","1.0"
"File1_5515","File2_19455","0.7909449194719895"
"File1_4583","File2_9067","0.7917744148379723"
"File1_5737","File2_21590","1.0"
"File1_4470","File2_7190","0.8584690652627597"
"File1_3983","File2_1007","0.886036344079975"
"File1_5003","File2_15222","1.0"
"File1_4095","File2_2214","0.749684598542141"
"File1_4196","File2_3749","1.0"
"File1_4911","File2_13971","0.75"
"File1_4689","File2_10319","0.875"
"File1_5866","File2_22719","0.9995869538752118"
"File1_5928","File2_23348","0.9998146751222661"
"File1_4798","File2_11941","1.0"
"File1_4114","File2_2450","0.9123047404381428"
"File1_5514","File2_19458","0.7909449194719894"
"File1_4878","File2_13489","0.7887454293643454"
"File1_5121","File2_16353","1.0"
"File1_4383","File2_6112","1.0"
"File1_5592","File2_20087","0.75"
"File1_4298","File2_5167","1.0"
"File1_4840","File2_12704","1.0"
"File1_5421","File2_18779","0.75"
"File1_5585","File2_20052","0.8366874091659766"
"File1_4373","File2_5993","1.0"
"File1_4151","File2_3086","0.898311294470343"
"File1_4795","File2_11857","1.0"
"File1_5406","File2_18662","1.0"
"File1_5508","File2_19376","0.9811422544988804"
"File1_5028","File2_15682","0.8849724761064419"
"File1_4129","File2_2684","1.0"
"File1_5080","File2_16044","0.75"
"File1_3942","File2_0670","0.8910564945787344"
"File1_5121","File2_16354","0.9668960261822472"
"File1_4550","File2_8480","1.0"
"File1_5515","File2_19458","1.0"
"File1_5307","File2_17778","1.0"
"File1_5131","File2_16388","1.0"
"File1_5270","File2_17499","0.75"
"File1_4850","File2_12913","1.0"
"File1_5655","File2_20872","1.0"
"File1_5486","File2_19171","1.0"
"File1_5015","File2_15474","1.0"
"File1_5590","File2_20084","1.0"
"File1_5914","File2_23226","0.7206757707491647"
"File1_4255","File2_4572","0.9188612049098445"
"File1_4973","File2_14816","1.0"
"File1_4860","File2_13187","1.0"
"File1_5432","File2_18854","0.75"
"File1_3982","File2_1009","0.9293693692450345"
"File1_5283","File2_17575","1.0"
"File1_4487","File2_7518","1.0"
"File1_4981","File2_14892","0.7781020931112029"
"File1_5054","File2_15875","0.8125"
"File1_4288","File2_5025","0.805955141140214"
"File1_5131","File2_16389","0.9720241669907763"
"File1_4544","File2_8388","0.8842882259060729"
"File1_5540","File2_19649","1.0"
"File1_5124","File2_16358","1.0"
"File1_5696","File2_21204","1.0"
"File1_4799","File2_11941","0.762901967487351"
"File1_5914","File2_23225","0.9229862868210577"
"File1_5637","File2_20502","0.9985455540120018"
"File1_4255","File2_4573","0.8998196282194963"
"File1_4551","File2_8481","1.0"
"File1_5293","File2_17658","0.8125"
"File1_4398","File2_6346","0.75"
"File1_5503","File2_19338","0.9090231218230482"
"File1_5897","File2_23053","0.8739927748165248"
"File1_5631","File2_20458","0.8137948747861543"
"File1_4937","File2_14323","1.0"
"File1_4782","File2_11687","0.75"
"File1_4479","File2_7419","0.8731978961952194"
"File1_5410","File2_18707","0.7405341087268276"
"File1_4031","File2_1466","0.7947444822329188"
"File1_4519","File2_8046","1.0"
"File1_4766","File2_11397","1.0"
"File1_4111","File2_2451","0.8628595904717145"
"File1_5648","File2_20796","0.8946907384938566"
"File1_5898","File2_23057","0.9222144973942779"
"File1_4861","File2_13188","1.0"
"File1_5697","File2_21208","1.0"
"File1_5645","File2_20753","1.0"
"File1_4606","File2_9392","1.0"
"File1_4607","File2_9391","0.9282333082835026"
"File1_4983","File2_14892","1.0"
"File1_5831","File2_22355","0.7483812269164092"
"File1_4699","File2_10439","0.75"
"File1_4630","File2_9685","0.8649483221047114"
"File1_4569","File2_8762","0.7197246471936798"
"File1_5315","File2_17815","1.0"
"File1_4154","File2_3137","0.9933526423376844"
"File1_5924","File2_23307","0.9990813744233253"
"File1_4429","File2_6684","1.0"
"File1_5774","File2_21871","0.9990175282359"
"File1_4394","File2_6255","1.0"
"File1_5504","File2_19336","0.7537012849065418"
"File1_4390","File2_6211","1.0"
"File1_5490","File2_19210","0.75"
"File1_5703","File2_21279","1.0"
"File1_4578","File2_8864","1.0"
"File1_5373","File2_18347","1.0"
"File1_5898","File2_23058","0.8186242120999084"
"File1_4613","File2_9485","0.75"
"File1_4788","File2_11774","0.75"
"File1_5721","File2_21384","0.8125"
"File1_4186","File2_3557","0.7361165810202744"
"File1_5666","File2_20999","1.0"
"File1_4000","File2_1139","0.8684160000299279"
"File1_5066","File2_15958","0.921615723797621"
"File1_5761","File2_21797","0.75"
"File1_4631","File2_9687","0.9199653260109073"
"File1_4671","File2_10107","1.0"
"File1_4343","File2_5619","0.75"
"File1_5924","File2_23306","0.8173616117061924"
"File1_5260","File2_17372","0.7737870284048551"
"File1_4405","File2_6443","1.0"
"File1_5773","File2_21871","0.9631793161795439"
"File1_4876","File2_13489","0.7115595170312892"
"File1_4220","File2_4053","1.0"
"File1_5248","File2_17269","1.0"
"File1_5247","File2_17268","1.0"
"File1_4031","File2_1464","0.9567566070866551"
"File1_4327","File2_5502","0.8933075531816297"
"File1_4577","File2_8862","1.0"
"File1_5282","File2_17570","1.0"
"File1_4631","File2_9686","1.0"
"File1_4630","File2_9683","1.0"
"File1_5662","File2_20956","0.7009551574197814"
"File1_4805","File2_11977","1.0"
"File1_4504","File2_7794","1.0"
"File1_4131","File2_2696","0.7434386030782236"
"File1_4120","File2_2597","0.9927291309210551"
"File1_4061","File2_1809","0.8390920458145531"
"File1_4877","File2_13489","0.8200307278580871"
"File1_4569","File2_8761","0.7413964733588142"
"File1_5130","File2_16385","1.0"
"File1_5508","File2_19379","0.7481015552476696"
"File1_4856","File2_13060","0.75"
"File1_5585","File2_20051","1.0"
"File1_4327","File2_5501","1.0"
"File1_4600","File2_9254","0.875"
"File1_4630","File2_9684","0.8302811887669189"
"File1_5557","File2_19809","0.9387440519412118"
"File1_5561","File2_19801","0.899435588599623"
"File1_4195","File2_3743","0.7481467512225884"
"File1_4857","File2_13062","0.75"
"File1_5576","File2_19928","1.0"
"File1_4876","File2_13483","0.8882954114562303"
"File1_5694","File2_21193","1.0"
"File1_4754","File2_11144","1.0"
"File1_5367","File2_18301","0.9399786262681232"
"File1_5108","File2_16245","1.0"
"File1_4200","File2_3790","0.75"
"File1_4847","File2_12839","1.0"
"File1_5811","File2_22199","0.9991075556092979"
"File1_4998","File2_15122","0.7326631913989586"
"File1_5260","File2_17370","0.9318806501194584"
"File1_3902","File2_0366","0.7936209621474866"
"File1_5873","File2_22792","0.9993418028108798"
"File1_4604","File2_9390","1.0"
"File1_4533","File2_8205","0.75"
"File1_5064","File2_15952","0.75"
"File1_4749","File2_11065","1.0"
"File1_4489","File2_7600","0.7335901492206733"
"File1_3947","File2_0717","0.9064033770873262"
"File1_5722","File2_21388","0.75"
"File1_3946","File2_0716","0.8854764961866199"
"File1_4891","File2_13686","1.0"
"File1_3944","File2_0718","0.7067182621631095"
"File1_4877","File2_13483","0.916445652616281"
"File1_5925","File2_23306","0.9154253108358841"
"File1_5840","File2_22470","0.9994440253667785"
"File1_5504","File2_19332","0.7903021004763872"
"File1_3901","File2_0366","0.7936209621474866"
"File1_4470","File2_7192","0.8990766162219722"
"File1_5873","File2_22793","0.8603003211710875"
"File1_4630","File2_9682","0.8180166503559781"
"File1_5891","File2_22963","0.9993322707870356"
"File1_5577","File2_19929","1.0"
"File1_5051","File2_15830","0.8125"
"File1_4240","File2_4297","0.8052095723770127"
"File1_5316","File2_17813","0.9383641587429674"
"File1_5925","File2_23307","0.7763798113226954"
"File1_3956","File2_0815","1.0"
"File1_5504","File2_19331","0.9441292815502864"
"File1_5319","File2_17859","1.0"
"File1_4470","File2_7193","0.987893547830766"
"File1_4296","File2_5127","1.0"
"File1_4762","File2_11355","0.9"
"File1_5180","File2_16731","1.0"
"File1_5071","File2_15983","0.8125"
"File1_4130","File2_2692","1.0"
"File1_4607","File2_9393","1.0"
"File1_4479","File2_7416","0.7469777380921983"
"File1_4998","File2_15125","1.0"
"File1_4904","File2_13899","1.0"
"File1_4892","File2_13689","1.0"
"File1_5110","File2_16270","0.7347193731327881"
"File1_4342","File2_5615","1.0"
"File1_4405","File2_6446","0.8721989374266256"
"File1_5504","File2_19330","1.0"
"File1_4304","File2_5216","1.0"
"File1_4439","File2_6782","1.0"
"File1_4993","File2_15035","0.8125"
"File1_4601","File2_9259","1.0"
"File1_4749","File2_11066","0.910594098130765"
"File1_4479","File2_7415","0.9354034766455306"
