"File2_15321","File3_0856","1.0"
"File2_16987","File3_0903","1.0"
"File2_18994","File3_1013","0.9999998874648379"
"File2_4322","File3_0291","0.9999999999993086"
"File2_17170","File3_0931","0.9999546021312976"
"File2_11778","File3_0631","1.0"
"File2_12762","File3_0681","1.0"
"File2_12435","File3_0684","0.9999546021312976"
"File2_5709","File3_0385","0.9975273768433652"
"File2_14005","File3_0656","1.0"
"File2_23329","File3_1268","0.9999998874648379"
"File2_10001","File3_0546","1.0"
"File2_4275","File3_0297","1.0"
"File2_17194","File3_0931","0.9999546021312976"
"File2_11546","File3_0581","1.0"
"File2_1498","File3_1495","0.9999999999999998"
"File2_12128","File3_0713","0.9999998874648379"
"File2_18617","File3_1004","0.9999998874648379"
"File2_6641","File3_0332","1.0"
"File2_15774","File3_0815","0.9999546021312976"
"File2_1705","File3_0091","1.0"
"File2_20582","File3_1095","0.9999998874648379"
"File2_15118","File3_0802","0.9999998874648379"
"File2_21602","File3_1163","1.0"
"File2_21710","File3_1167","0.9999546021312976"
"File2_17598","File3_0986","0.9999999979388464"
"File2_18336","File3_1000","0.9999999999993086"
"File2_18854","File3_1049","1.0"
"File2_14047","File3_0725","1.0"
"File2_17675","File3_0991","1.0"
"File2_18995","File3_1013","0.9999998874648379"
"File2_11517","File3_0586","1.0"
"File2_16269","File3_0884","1.0"
"File2_20999","File3_1077","1.0"
"File2_17218","File3_0956","1.0"
"File2_4419","File3_0112","0.9999999979388464"
"File2_16277","File3_0876","1.0"
"File2_18877","File3_1047","1.0"
"File2_12129","File3_0713","0.9999998874648379"
"File2_18616","File3_1004","1.0"
"File2_1704","File3_0091","1.0"
"File2_20583","File3_1095","0.9999998874648379"
"File2_15117","File3_0802","1.0"
"File2_20892","File3_1105","1.0"
"File2_17599","File3_0986","0.9999999979388464"
"File2_17869","File3_0978","0.9999546021312976"
"File2_9653","File3_0599","0.9999546021312976"
"File2_20700","File3_1080","1.0"
"File2_16353","File3_0883","1.0"
"File2_14046","File3_0725","1.0"
"File2_10381","File3_0507","1.0"
"File2_6864","File3_0418","1.0"
"File2_20190","File3_1070","1.0"
"File2_10010","File3_0535","1.0"
"File2_2651","File3_0275","1.0"
"File2_10009","File3_0603","1.0"
"File2_14120","File3_0752","0.9999546021312976"
"File2_17084","File3_0911","1.0"
"File2_17192","File3_0931","0.9999546021312976"
"File2_11548","File3_0581","0.9999998874648379"
"File2_4418","File3_0112","0.9999999979388464"
"File2_11906","File3_0671","0.9975273768433652"
"File2_6140","File3_0404","1.0"
"File2_14257","File3_0793","0.9999998874648379"
"File2_6404","File3_0402","1.0"
"File2_22403","File3_1185","1.0"
"File2_4417","File3_0112","0.9999999979388464"
"File2_21604","File3_1163","0.9999999847700205"
"File2_21712","File3_1167","0.9999546021312976"
"File2_17596","File3_0986","0.9999999979388464"
"File2_19389","File3_1030","1.0"
"File2_23110","File3_1203","1.0"
"File2_18993","File3_1013","0.9999998874648379"
"File2_6141","File3_0404","1.0"
"File2_9127","File3_0452","1.0"
"File2_10552","File3_0559","1.0"
"File2_18358","File3_1003","0.9999999979388464"
"File2_1136","File3_0255","1.0"
"File2_7183","File3_0421","0.9996646498695335"
"File2_2567","File3_0270","1.0"
"File2_0714","File3_0244","1.0"
"File2_17445","File3_0987","1.0"
"File2_0101","File3_0071","1.0"
"File2_22863","File3_1219","1.0"
"File2_14121","File3_0752","0.9999546021312976"
"File2_20999","File3_1075","1.0"
"File2_17445","File3_0963","1.0"
"File2_13483","File3_0654","1.0"
"File2_18619","File3_1004","0.9999998874648379"
"File2_9144","File3_0454","1.0"
"File2_17084","File3_0910","1.0"
"File2_14256","File3_0793","0.9999998874648379"
"File2_17672","File3_0992","1.0"
"File2_20999","File3_1099","1.0"
"File2_15774","File3_0816","1.0"
"File2_22822","File3_1192","1.0"
"File2_21849","File3_1129","0.9999546021312976"
"File2_13899","File3_0785","1.0"
"File2_22056","File3_1181","1.0"
"File2_20581","File3_1095","0.9999998874648379"
"File2_21603","File3_1163","1.0"
"File2_21711","File3_1167","0.9999546021312976"
"File2_20238","File3_1090","1.0"
"File2_17597","File3_0986","0.9999998874648379"
"File2_19201","File3_1044","1.0"
"File2_18614","File3_1008","1.0"
"File2_20036","File3_1089","1.0"
"File2_23313","File3_1272","0.9999999999622486"
"File2_16003","File3_0828","1.0"
"File2_12562","File3_0641","1.0"
"File2_15983","File3_0843","1.0"
"File2_18588","File3_1032","1.0"
"File2_22800","File3_1192","0.9999998874648379"
"File2_22862","File3_1219","1.0"
"File2_19990","File3_1092","1.0"
"File2_0940","File3_0253","1.0"
"File2_10291","File3_0539","1.0"
"File2_9387","File3_0526","0.9999999999948909"
"File2_14917","File3_0780","1.0"
"File2_17672","File3_0991","1.0"
"File2_4089","File3_1501","1.0"
"File2_22037","File3_1144","1.0"
"File2_13892","File3_0657","0.9999546021312976"
"File2_12173","File3_0665","0.9999546021312976"
"File2_19961","File3_1062","0.9999998874648379"
"File2_22823","File3_1192","1.0"
"File2_22055","File3_1181","1.0"
"File2_4439","File3_0112","1.0"
"File2_13526","File3_0701","0.9999546021312976"
"File2_5361","File3_0319","1.0"
"File2_13992","File3_0661","1.0"
"File2_19202","File3_1044","0.9999999847700205"
"File2_22669","File3_1211","1.0"
"File2_18757","File3_1012","1.0"
"File2_17594","File3_0986","0.9999998874648379"
"File2_19149","File3_1016","0.9999546021312976"
"File2_23314","File3_1272","1.0"
"File2_16002","File3_0828","1.0"
"File2_20037","File3_1089","0.9999999999948909"
"File2_23313","File3_1271","0.9975273768433652"
"File2_18178","File3_0969","0.9999998874648379"
"File2_15747","File3_0862","1.0"
"File2_22801","File3_1192","0.9999999979388464"
"File2_20699","File3_1102","1.0"
"File2_18991","File3_1013","1.0"
"File2_22863","File3_1217","1.0"
"File2_22038","File3_1144","1.0"
"File2_12174","File3_0665","0.9999546021312976"
"File2_14676","File3_0744","0.9999546021312976"
"File2_5707","File3_0386","1.0"
"File2_16458","File3_0934","1.0"
"File2_14414","File3_0767","1.0"
"File2_12438","File3_0684","0.9999546021312976"
"File2_22131","File3_1177","1.0"
"File2_5127","File3_0316","1.0"
"File2_4414","File3_0112","0.9999999979388464"
"File2_4949","File3_0366","1.0"
"File2_13209","File3_0695","1.0"
"File2_15776","File3_0816","1.0"
"File2_22609","File3_1215","1.0"
"File2_20609","File3_1095","0.9999998874648379"
"File2_16103","File3_0833","0.9999546021312976"
"File2_7435","File3_0343","0.9999546021312976"
"File2_4438","File3_0112","0.9999999979388464"
"File2_19388","File3_1030","0.9996646498695335"
"File2_10408","File3_0508","1.0"
"File2_18756","File3_1012","0.9999999999993086"
"File2_23314","File3_1271","1.0"
"File2_15453","File3_0854","1.0"
"File2_18814","File3_1043","1.0"
"File2_2981","File3_1500","1.0"
"File2_19203","File3_1044","1.0"
"File2_18726","File3_1006","1.0"
"File2_16005","File3_0828","1.0"
"File2_20496","File3_1095","0.9999998874648379"
"File2_17675","File3_0992","1.0"
"File2_10030","File3_0551","0.9999999999948909"
"File2_22802","File3_1192","0.9999999979388464"
"File2_23198","File3_1269","1.0"
"File2_22130","File3_1177","0.9999999999993086"
"File2_16579","File3_0900","1.0"
"File2_0716","File3_1366","1.0"
"File2_21731","File3_1143","1.0"
"File2_16070","File3_0861","1.0"
"File2_16038","File3_0838","1.0"
"File2_5128","File3_0316","0.9999999999948909"
"File2_16272","File3_0902","1.0"
"File2_15776","File3_0815","0.9999546021312976"
"File2_17172","File3_0931","0.9999546021312976"
"File2_21608","File3_1163","1.0"
"File2_0943","File3_0253","1.0"
"File2_16354","File3_0883","1.0"
"File2_0718","File3_0244","1.0"
"File2_20606","File3_1095","0.9999998874648379"
"File2_18759","File3_1012","1.0"
"File2_23067","File3_1201","1.0"
"File2_19149","File3_1018","1.0"
"File2_17592","File3_0986","0.9999998874648379"
"File2_4437","File3_0112","0.9999999979388464"
"File2_16004","File3_0828","1.0"
"File2_18333","File3_1000","1.0"
"File2_15970","File3_0831","1.0"
"File2_22564","File3_1191","1.0"
"File2_15682","File3_0860","1.0"
"File2_12448","File3_0672","1.0"
"File2_14407","File3_0756","1.0"
"File2_19595","File3_1083","0.9999999999948909"
"File2_17575","File3_0988","1.0"
"File2_12240","File3_0669","0.9999999847700205"
"File2_16331","File3_0883","0.9999546021312976"
"File2_16229","File3_0885","1.0"
"File2_22644","File3_1213","1.0"
"File2_9423","File3_0493","1.0"
"File2_1706","File3_0091","1.0"
"File2_6695","File3_0411","1.0"
"File2_20607","File3_1095","0.9999998874648379"
"File2_3867","File3_0099","1.0"
"File2_12189","File3_0670","1.0"
"File2_1398","File3_0256","1.0"
"File2_19386","File3_1030","1.0"
"File2_17171","File3_0931","0.9999546021312976"
"File2_15875","File3_0841","1.0"
"File2_21607","File3_1163","0.9999999847700205"
"File2_18758","File3_1012","0.9999999999993086"
"File2_13993","File3_0661","1.0"
"File2_4569","File3_0110","1.0"
"File2_4436","File3_0112","0.9999999979388464"
"File2_0909","File3_0245","0.9975273768433652"
"File2_5279","File3_0378","1.0"
"File2_21501","File3_1151","1.0"
"File2_0663","File3_0077","0.9999999847700205"
"File2_20567","File3_1095","0.9999998874648379"
"File2_15134","File3_0802","0.9999998874648379"
"File2_18520","File3_1031","1.0"
"File2_21336","File3_1119","0.9999999999999998"
"File2_15247","File3_0809","1.0"
"File2_15927","File3_0836","1.0"
"File2_21158","File3_1152","1.0"
"File2_4581","File3_0110","1.0"
"File2_21029","File3_1149","1.0"
"File2_5957","File3_0393","1.0"
"File2_5391","File3_0374","0.9999546021312976"
"File2_22609","File3_1212","1.0"
"File2_9949","File3_0501","1.0"
"File2_11075","File3_0578","1.0"
"File2_22644","File3_1216","1.0"
"File2_6655","File3_0416","0.9999546021312976"
"File2_6380","File3_0402","0.9999546021312976"
"File2_12840","File3_0691","1.0"
"File2_15415","File3_0850","0.9996646498695335"
"File2_12197","File3_0668","0.9999999999948909"
"File2_9463","File3_0495","1.0"
"File2_20543","File3_1095","0.9999998874648379"
"File2_15179","File3_0804","1.0"
"File2_16170","File3_0847","1.0"
"File2_4435","File3_0112","0.9999999979388464"
"File2_4369","File3_0299","1.0"
"File2_2746","File3_1499","0.9999999979388464"
"File2_22805","File3_1192","1.0"
"File2_0662","File3_0077","0.9999999999993086"
"File2_20568","File3_1095","0.9999998874648379"
"File2_18766","File3_1002","1.0"
"File2_15133","File3_0802","0.9999998874648379"
"File2_16980","File3_0903","1.0"
"File2_18521","File3_1031","1.0"
"File2_4279","File3_0292","1.0"
"File2_6526","File3_0415","1.0"
"File2_5104","File3_0379","1.0"
"File2_13714","File3_0647","1.0"
"File2_19015","File3_1014","1.0"
"File2_21028","File3_1149","1.0"
"File2_15045","File3_0769","1.0"
"File2_4582","File3_0110","0.9999999999993086"
"File2_21500","File3_1151","1.0"
"File2_5392","File3_0374","0.9999546021312976"
"File2_8761","File3_0449","1.0"
"File2_9948","File3_0501","1.0"
"File2_20520","File3_1095","0.9999999979388464"
"File2_15287","File3_0825","1.0"
"File2_14577","File3_0799","1.0"
"File2_20544","File3_1095","0.9999998874648379"
"File2_17177","File3_0931","0.9999546021312976"
"File2_21044","File3_1109","1.0"
"File2_10036","File3_0550","1.0"
"File2_16363","File3_0878","1.0"
"File2_11980","File3_0663","1.0"
"File2_10035","File3_0550","1.0"
"File2_2745","File3_1499","0.9999998874648379"
"File2_22806","File3_1192","0.9999998874648379"
"File2_22469","File3_1187","1.0"
"File2_0665","File3_0077","0.9999546021312976"
"File2_16076","File3_0835","1.0"
"File2_16981","File3_0903","1.0"
"File2_15132","File3_0802","0.9999998874648379"
"File2_20565","File3_1095","0.9999998874648379"
"File2_18337","File3_0984","0.9999546021312976"
"File2_15249","File3_0809","1.0"
"File2_5103","File3_0379","1.0"
"File2_1942","File3_0266","1.0"
"File2_16457","File3_0934","1.0"
"File2_21208","File3_1117","1.0"
"File2_20589","File3_1095","0.9999998874648379"
"File2_20588","File3_1095","0.9999998874648379"
"File2_13892","File3_0785","1.0"
"File2_7629","File3_0433","1.0"
"File2_15288","File3_0825","0.9999999999622486"
"File2_17050","File3_0905","1.0"
"File2_17176","File3_0931","0.9999546021312976"
"File2_4433","File3_0112","0.9999999979388464"
"File2_20541","File3_1095","0.9999998874648379"
"File2_15683","File3_0865","1.0"
"File2_22807","File3_1192","1.0"
"File2_16982","File3_0903","1.0"
"File2_13021","File3_0644","1.0"
"File2_21336","File3_1118","1.0"
"File2_20566","File3_1095","0.9999998874648379"
"File2_14936","File3_0780","1.0"
"File2_2744","File3_1499","0.9999999979388464"
"File2_5398","File3_0322","1.0"
"File2_20310","File3_1063","0.9999998874648379"
"File2_21529","File3_1154","1.0"
"File2_5390","File3_0374","0.9999546021312976"
"File2_16712","File3_0912","1.0"
"File2_22700","File3_1200","1.0"
"File2_7497","File3_0344","1.0"
"File2_15791","File3_0817","1.0"
"File2_20542","File3_1095","0.9999998874648379"
"File2_9524","File3_0600","0.9999546021312976"
"File2_4429","File3_0109","1.0"
"File2_4368","File3_0299","1.0"
"File2_3369","File3_0097","1.0"
"File2_19229","File3_1040","1.0"
"File2_9128","File3_0452","1.0"
"File2_22808","File3_1192","1.0"
"File2_4431","File3_0112","0.9999999979388464"
"File2_20498","File3_1079","1.0"
"File2_10811","File3_0621","1.0"
"File2_23048","File3_1228","1.0"
"File2_16056","File3_0838","1.0"
"File2_9119","File3_0597","1.0"
"File2_16983","File3_0903","1.0"
"File2_5266","File3_0369","1.0"
"File2_23395","File3_1275","0.9999546021312976"
"File2_20563","File3_1095","0.9999998874648379"
"File2_23227","File3_1274","1.0"
"File2_4030","File3_0100","0.9999999847700205"
"File2_16278","File3_0896","0.9999999999948909"
"File2_5640","File3_0381","0.9999999979388464"
"File2_20586","File3_1095","0.9999998874648379"
"File2_14127","File3_0752","1.0"
"File2_19616","File3_1083","0.9999546021312976"
"File2_15361","File3_0819","1.0"
"File2_20052","File3_1066","1.0"
"File2_14066","File3_0709","1.0"
"File2_19458","File3_1048","1.0"
"File2_5590","File3_0324","1.0"
"File2_8676","File3_0355","1.0"
"File2_22237","File3_1238","1.0"
"File2_19662","File3_1106","1.0"
"File2_4015","File3_0107","1.0"
"File2_0469","File3_0239","1.0"
"File2_15272","File3_0811","0.9999999847700205"
"File2_17432","File3_0990","1.0"
"File2_4430","File3_0112","0.9999999979388464"
"File2_15137","File3_0802","0.9999998874648379"
"File2_9118","File3_0597","1.0"
"File2_21142","File3_1159","1.0"
"File2_16984","File3_0903","1.0"
"File2_15922","File3_0836","0.9975273768433652"
"File2_14816","File3_0770","1.0"
"File2_0666","File3_0077","0.9999546021312976"
"File2_20564","File3_1095","0.9999998874648379"
"File2_22868","File3_1242","1.0"
"File2_13953","File3_0726","1.0"
"File2_12254","File3_0673","0.9999546021312976"
"File2_13899","File3_0657","0.9999546021312976"
"File2_12548","File3_0689","1.0"
"File2_16345","File3_0879","1.0"
"File2_8766","File3_0449","1.0"
"File2_15715","File3_0870","1.0"
"File2_0670","File3_0081","1.0"
"File2_18193","File3_0969","0.9996646498695335"
"File2_12843","File3_0691","1.0"
"File2_20587","File3_1095","0.9999998874648379"
"File2_13489","File3_0654","1.0"
"File2_20051","File3_1066","1.0"
"File2_15244","File3_0809","1.0"
"File2_4453","File3_0112","0.9999999979388464"
"File2_10078","File3_0533","1.0"
"File2_3254","File3_0278","1.0"
"File2_10011","File3_0553","1.0"
"File2_7387","File3_0431","1.0"
"File2_4016","File3_0107","1.0"
"File2_0468","File3_0239","1.0"
"File2_20540","File3_1095","0.9999998874648379"
"File2_10852","File3_0625","0.9999546021312976"
"File2_7457","File3_0435","1.0"
"File2_15136","File3_0802","0.9999998874648379"
"File2_4308","File3_1502","0.9999999999948909"
"File2_5268","File3_0369","0.9999999979388464"
"File2_13717","File3_0647","1.0"
"File2_22869","File3_1242","1.0"
"File2_17683","File3_0960","1.0"
"File2_4278","File3_0292","1.0"
"File2_0669","File3_0077","0.9999546021312976"
"File2_14854","File3_0806","1.0"
"File2_8948","File3_0453","1.0"
"File2_4583","File3_0110","1.0"
"File2_9203","File3_0359","1.0"
"File2_4096","File3_0285","0.9999999979388464"
"File2_6525","File3_0415","1.0"
"File2_12842","File3_0691","1.0"
"File2_15714","File3_0870","1.0"
"File2_8762","File3_0449","1.0"
"File2_21292","File3_1116","1.0"
"File2_14931","File3_0780","0.9999546021312976"
"File2_19857","File3_1068","1.0"
"File2_16595","File3_0924","1.0"
"File2_5364","File3_0376","1.0"
"File2_2749","File3_1499","0.9999998874648379"
"File2_11560","File3_0581","0.9999938558253978"
"File2_0467","File3_0239","1.0"
"File2_16717","File3_0912","0.9975273768433652"
"File2_5216","File3_0317","1.0"
"File2_21289","File3_1156","1.0"
"File2_12156","File3_0665","0.9999546021312976"
"File2_7458","File3_0435","1.0"
"File2_4309","File3_1502","1.0"
"File2_19665","File3_1106","1.0"
"File2_15135","File3_0802","0.9999998874648379"
"File2_1173","File3_0089","0.9999999999622486"
"File2_5267","File3_0369","1.0"
"File2_12546","File3_0689","1.0"
"File2_20562","File3_1095","0.9999998874648379"
"File2_15246","File3_0809","1.0"
"File2_3940","File3_0287","1.0"
"File2_4097","File3_0285","0.9999999979388464"
"File2_16279","File3_0896","1.0"
"File2_21419","File3_1124","1.0"
"File2_15713","File3_0870","1.0"
"File2_20585","File3_1095","0.9999998874648379"
"File2_19617","File3_1083","0.9999546021312976"
"File2_20892","File3_1103","1.0"
"File2_12198","File3_0668","0.9999999999948909"
"File2_14126","File3_0752","1.0"
"File2_19858","File3_1068","1.0"
"File2_8675","File3_0355","1.0"
"File2_13768","File3_0650","1.0"
"File2_5364","File3_0377","1.0"
"File2_1044","File3_1491","1.0"
"File2_15271","File3_0811","1.0"
"File2_4259","File3_0298","1.0"
"File2_6122","File3_0403","0.9999999999622486"
"File2_22612","File3_1195","1.0"
"File2_1164","File3_0089","0.9999546021312976"
"File2_21289","File3_1157","1.0"
"File2_1781","File3_0092","1.0"
"File2_22336","File3_1178","1.0"
"File2_1014","File3_0086","0.9999998874648379"
"File2_1845","File3_0267","0.9999999999622486"
"File2_14886","File3_0778","1.0"
"File2_14887","File3_0779","1.0"
"File2_21829","File3_1168","1.0"
"File2_3540","File3_0279","1.0"
"File2_20061","File3_1059","1.0"
"File2_1536","File3_0263","1.0"
"File2_16454","File3_0877","0.9999999999622486"
"File2_4641","File3_0301","1.0"
"File2_0662","File3_1489","1.0"
"File2_18190","File3_0969","0.9999546021312976"
"File2_3991","File3_0106","0.9999546021312976"
"File2_17044","File3_0905","1.0"
"File2_14966","File3_0781","1.0"
"File2_22233","File3_1184","1.0"
"File2_22470","File3_1187","1.0"
"File2_16658","File3_0904","1.0"
"File2_14941","File3_0780","1.0"
"File2_6377","File3_0329","1.0"
"File2_11621","File3_0628","1.0"
"File2_9575","File3_0524","0.9999546021312976"
"File2_2842","File3_0274","1.0"
"File2_1844","File3_0267","1.0"
"File2_14887","File3_0778","1.0"
"File2_12409","File3_0690","1.0"
"File2_14886","File3_0779","1.0"
"File2_5385","File3_0373","0.9999999999622486"
"File2_3541","File3_0279","0.9999998874648379"
"File2_19573","File3_1055","0.9999546021312976"
"File2_0715","File3_1490","1.0"
"File2_12506","File3_0683","1.0"
"File2_17022","File3_0907","1.0"
"File2_22639","File3_1199","1.0"
"File2_0658","File3_0077","0.9999999847700205"
"File2_5813","File3_0328","1.0"
"File2_2750","File3_1499","0.9999998874648379"
"File2_20472","File3_1100","1.0"
"File2_16455","File3_0877","0.9999999999622486"
"File2_0663","File3_1489","1.0"
"File2_0391","File3_0243","1.0"
"File2_22233","File3_1183","1.0"
"File2_16657","File3_0904","1.0"
"File2_20125","File3_1061","1.0"
"File2_8481","File3_0446","1.0"
"File2_8318","File3_0356","0.9999546021312976"
"File2_3168","File3_1371","1.0"
"File2_12682","File3_0718","1.0"
"File2_9232","File3_0363","1.0"
"File2_5814","File3_0328","1.0"
"File2_2604","File3_1370","1.0"
"File2_11620","File3_0628","1.0"
"File2_20507","File3_1076","0.9999999847700205"
"File2_5385","File3_0374","1.0"
"File2_19959","File3_1062","0.9999999979388464"
"File2_20502","File3_1095","1.0"
"File2_17031","File3_0918","1.0"
"File2_14479","File3_0798","1.0"
"File2_8767","File3_0449","1.0"
"File2_14842","File3_0772","1.0"
"File2_14596","File3_0787","1.0"
"File2_10009","File3_0499","1.0"
"File2_16772","File3_0916","1.0"
"File2_3993","File3_0106","0.9999999999622486"
"File2_17046","File3_0905","1.0"
"File2_18192","File3_0969","0.9999546021312976"
"File2_16456","File3_0877","0.9996646498695335"
"File2_19339","File3_1025","1.0"
"File2_1045","File3_0248","1.0"
"File2_2772","File3_1499","1.0"
"File2_15249","File3_0783","1.0"
"File2_20549","File3_1095","0.9999998874648379"
"File2_21891","File3_1139","1.0"
"File2_20126","File3_1061","1.0"
"File2_19809","File3_1085","1.0"
"File2_19936","File3_1062","0.9999998874648379"
"File2_6218","File3_0331","1.0"
"File2_14268","File3_0736","1.0"
"File2_21589","File3_1163","1.0"
"File2_23255","File3_1246","1.0"
"File2_23370","File3_1373","1.0"
"File2_4089","File3_0285","1.0"
"File2_10861","File3_0625","1.0"
"File2_7629","File3_0472","1.0"
"File2_14868","File3_0775","1.0"
"File2_19087","File3_1039","1.0"
"File2_16036","File3_0861","0.9999546021312976"
"File2_19333","File3_1029","1.0"
"File2_9502","File3_0528","1.0"
"File2_17045","File3_0905","1.0"
"File2_21412","File3_1161","1.0"
"File2_14940","File3_0780","1.0"
"File2_6346","File3_0330","1.0"
"File2_4297","File3_0293","1.0"
"File2_10907","File3_0579","1.0"
"File2_0718","File3_1490","0.9999999999999998"
"File2_19809","File3_1086","1.0"
"File2_10205","File3_0500","1.0"
"File2_15406","File3_0820","1.0"
"File2_18519","File3_1031","1.0"
"File2_20127","File3_1061","1.0"
"File2_18197","File3_0999","1.0"
"File2_0717","File3_0308","1.0"
"File2_1785","File3_0092","1.0"
"File2_16487","File3_0888","1.0"
"File2_11813","File3_0596","1.0"
"File2_5660","File3_0321","1.0"
"File2_3781","File3_0286","0.9999998874648379"
"File2_19847","File3_1088","1.0"
"File2_7730","File3_0473","1.0"
"File2_7677","File3_0430","0.9999546021312976"
"File2_6360","File3_0402","0.9999546021312976"
"File2_11525","File3_0522","1.0"
"File2_10659","File3_0562","1.0"
"File2_6539","File3_0419","1.0"
"File2_16450","File3_0877","1.0"
"File2_15130","File3_0802","1.0"
"File2_0917","File3_0245","0.9999999999948909"
"File2_14196","File3_0751","1.0"
"File2_1849","File3_0267","1.0"
"File2_5382","File3_0373","1.0"
"File2_0356","File3_0075","1.0"
"File2_3544","File3_0279","0.9999998874648379"
"File2_21630","File3_1138","1.0"
"File2_2623","File3_1541","1.0"
"File2_23400","File3_1270","0.9999546021312976"
"File2_14497","File3_0759","1.0"
"File2_20523","File3_1095","0.9999998874648379"
"File2_17223","File3_0931","0.9999546021312976"
"File2_14848","File3_0775","1.0"
"File2_15780","File3_0857","1.0"
"File2_22640","File3_1216","1.0"
"File2_16270","File3_0884","1.0"
"File2_9554","File3_0527","1.0"
"File2_3995","File3_0106","0.9999999999993086"
"File2_16328","File3_0879","0.9999546021312976"
"File2_20547","File3_1095","0.9999998874648379"
"File2_21979","File3_1166","0.9999546021312976"
"File2_11812","File3_0596","1.0"
"File2_18196","File3_0999","1.0"
"File2_15419","File3_0850","1.0"
"File2_19040","File3_1015","1.0"
"File2_16487","File3_0889","0.9999998874648379"
"File2_19848","File3_1088","0.9999999999622486"
"File2_0613","File3_0079","1.0"
"File2_7500","File3_0344","0.9999999999999998"
"File2_8081","File3_0439","1.0"
"File2_14332","File3_0788","1.0"
"File2_3780","File3_0286","1.0"
"File2_8815","File3_0489","1.0"
"File2_17758","File3_0981","1.0"
"File2_1848","File3_0267","1.0"
"File2_15244","File3_0783","1.0"
"File2_3545","File3_0279","0.9999999999948909"
"File2_4048","File3_0281","1.0"
"File2_14597","File3_0787","0.9999998874648379"
"File2_18604","File3_1033","0.9999546021312976"
"File2_16451","File3_0877","0.9999999999993086"
"File2_20524","File3_1095","0.9999998874648379"
"File2_21691","File3_1167","0.9999546021312976"
"File2_17222","File3_0931","0.9999999999999998"
"File2_4165","File3_0290","1.0"
"File2_14847","File3_0775","1.0"
"File2_22641","File3_1216","1.0"
"File2_14853","File3_0768","0.9999999999993086"
"File2_16653","File3_0904","1.0"
"File2_20548","File3_1095","0.9999998874648379"
"File2_0506","File3_0242","1.0"
"File2_5635","File3_0381","0.9999999979388464"
"File2_1662","File3_0260","1.0"
"File2_16284","File3_0895","1.0"
"File2_8485","File3_0446","1.0"
"File2_14820","File3_0770","0.9999999979388464"
"File2_15948","File3_0863","0.9999999999999998"
"File2_15418","File3_0850","1.0"
"File2_18195","File3_0999","1.0"
"File2_20821","File3_1145","1.0"
"File2_21813","File3_1130","0.9996646498695335"
"File2_20569","File3_1095","0.9999998874648379"
"File2_19849","File3_1088","0.9999999999622486"
"File2_1063","File3_0246","1.0"
"File2_6362","File3_0402","0.9999546021312976"
"File2_5662","File3_0321","1.0"
"File2_14085","File3_0734","1.0"
"File2_12839","File3_0691","1.0"
"File2_8465","File3_0446","0.9999546021312976"
"File2_3100","File3_0276","1.0"
"File2_4049","File3_0281","0.9999998874648379"
"File2_16452","File3_0877","1.0"
"File2_3542","File3_0279","1.0"
"File2_2451","File3_0271","1.0"
"File2_15969","File3_0863","1.0"
"File2_8488","File3_0446","0.9999546021312976"
"File2_17221","File3_0931","0.9999998874648379"
"File2_23299","File3_1273","0.9999999999948909"
"File2_20521","File3_1095","0.9999998874648379"
"File2_3997","File3_0106","1.0"
"File2_9556","File3_0527","0.9999546021312976"
"File2_20545","File3_1095","0.9999998874648379"
"File2_21977","File3_1166","0.9996646498695335"
"File2_5661","File3_0321","1.0"
"File2_21698","File3_1164","1.0"
"File2_17244","File3_0931","0.9999546021312976"
"File2_14086","File3_0734","1.0"
"File2_1846","File3_0267","0.9999999999622486"
"File2_14197","File3_0751","1.0"
"File2_3820","File3_0105","1.0"
"File2_21685","File3_1175","1.0"
"File2_5382","File3_0374","0.9999999999622486"
"File2_20699","File3_1098","1.0"
"File2_3543","File3_0279","1.0"
"File2_1400","File3_0256","1.0"
"File2_14599","File3_0787","1.0"
"File2_14062","File3_0734","1.0"
"File2_19338","File3_1029","1.0"
"File2_14479","File3_0795","1.0"
"File2_15307","File3_0825","0.9999546021312976"
"File2_20522","File3_1095","0.9999999999948909"
"File2_16651","File3_0904","0.9999999999999998"
"File2_1944","File3_0265","0.9999546021312976"
"File2_15246","File3_0783","1.0"
"File2_21283","File3_1162","1.0"
"File2_7013","File3_0426","1.0"
"File2_20546","File3_1095","0.9999998874648379"
"File2_14851","File3_0768","0.9999999999993086"
"File2_22237","File3_1189","1.0"
"File2_18319","File3_0984","0.9999546021312976"
"File2_17890","File3_0978","1.0"
"File2_17220","File3_0931","0.9999999999999998"
"File2_11817","File3_0596","1.0"
"File2_14576","File3_0789","1.0"
"File2_4097","File3_1501","1.0"
"File2_20321","File3_1107","1.0"
"File2_15312","File3_0813","1.0"
"File2_8467","File3_0446","0.9999546021312976"
"File2_16443","File3_0880","1.0"
"File2_4310","File3_1502","1.0"
"File2_19802","File3_1086","1.0"
"File2_17330","File3_0930","1.0"
"File2_0810","File3_0078","1.0"
"File2_17227","File3_0931","0.9999546021312976"
"File2_1399","File3_0256","1.0"
"File2_9941","File3_0541","1.0"
"File2_8359","File3_0445","1.0"
"File2_23065","File3_1225","1.0"
"File2_6592","File3_0414","1.0"
"File2_3999","File3_0106","1.0"
"File2_19559","File3_1055","1.0"
"File2_23064","File3_1224","1.0"
"File2_11764","File3_0595","1.0"
"File2_22150","File3_1208","1.0"
"File2_20616","File3_1095","0.9999998874648379"
"File2_19383","File3_1030","0.9999999999948909"
"File2_20721","File3_1096","1.0"
"File2_6507","File3_0340","0.9999998874648379"
"File2_4096","File3_1501","1.0"
"File2_15346","File3_0827","1.0"
"File2_12546","File3_0639","1.0"
"File2_13881","File3_0729","0.9999546021312976"
"File2_19106","File3_1016","0.9999999999999998"
"File2_9940","File3_0541","0.9999998874648379"
"File2_19954","File3_1062","0.9999998874648379"
"File2_6150","File3_0409","1.0"
"File2_15301","File3_0825","1.0"
"File2_10907","File3_0513","1.0"
"File2_12120","File3_0713","1.0"
"File2_4311","File3_1502","1.0"
"File2_21901","File3_1170","1.0"
"File2_17981","File3_0998","1.0"
"File2_19802","File3_1085","1.0"
"File2_3998","File3_0106","1.0"
"File2_17226","File3_0931","0.9999546021312976"
"File2_21417","File3_1160","1.0"
"File2_15100","File3_0771","1.0"
"File2_6593","File3_0414","0.9999998874648379"
"File2_4319","File3_0291","1.0"
"File2_0142","File3_0236","0.9999999999948909"
"File2_23063","File3_1224","1.0"
"File2_11765","File3_0595","0.9999999999948909"
"File2_20617","File3_1095","0.9999998874648379"
"File2_19384","File3_1030","1.0"
"File2_10227","File3_0543","1.0"
"File2_7459","File3_0343","1.0"
"File2_17893","File3_0978","1.0"
"File2_14861","File3_0775","1.0"
"File2_22742","File3_1241","1.0"
"File2_21495","File3_1125","1.0"
"File2_19640","File3_1056","1.0"
"File2_19380","File3_1030","0.9996646498695335"
"File2_8337","File3_0356","1.0"
"File2_16129","File3_0848","0.9999546021312976"
"File2_14574","File3_0789","0.9999999999993086"
"File2_10239","File3_0531","1.0"
"File2_5348","File3_0372","0.9999546021312976"
"File2_13424","File3_0699","1.0"
"File2_12121","File3_0713","0.9999998874648379"
"File2_21901","File3_1171","1.0"
"File2_12900","File3_0692","0.9999999999948909"
"File2_19801","File3_1085","1.0"
"File2_21690","File3_1167","0.9999546021312976"
"File2_22641","File3_1213","1.0"
"File2_7698","File3_0430","1.0"
"File2_12727","File3_0640","1.0"
"File2_11910","File3_0671","1.0"
"File2_3104","File3_0096","1.0"
"File2_17225","File3_0931","0.9999546021312976"
"File2_8357","File3_0445","1.0"
"File2_23063","File3_1225","1.0"
"File2_20614","File3_1095","0.9999998874648379"
"File2_19381","File3_1030","1.0"
"File2_4316","File3_0291","1.0"
"File2_22170","File3_1206","1.0"
"File2_18872","File3_1022","1.0"
"File2_8336","File3_0356","1.0"
"File2_21494","File3_1125","1.0"
"File2_3845","File3_0102","1.0"
"File2_13916","File3_0710","1.0"
"File2_12548","File3_0639","1.0"
"File2_22741","File3_1241","1.0"
"File2_18194","File3_0994","1.0"
"File2_12902","File3_0692","0.9999999999948909"
"File2_12122","File3_0713","0.9999998874648379"
"File2_16444","File3_0880","1.0"
"File2_9516","File3_0492","1.0"
"File2_19801","File3_1086","1.0"
"File2_12901","File3_0692","0.9999998874648379"
"File2_17224","File3_0931","0.9999546021312976"
"File2_6779","File3_0467","1.0"
"File2_0862","File3_0084","1.0"
"File2_13423","File3_0699","1.0"
"File2_14856","File3_0747","1.0"
"File2_6595","File3_0414","0.9999998874648379"
"File2_22640","File3_1213","1.0"
"File2_8358","File3_0445","1.0"
"File2_14855","File3_0768","0.9999999999622486"
"File2_23064","File3_1225","1.0"
"File2_10643","File3_0557","1.0"
"File2_4317","File3_0291","1.0"
"File2_23065","File3_1224","0.9999999999993086"
"File2_6799","File3_0463","1.0"
"File2_19382","File3_1030","0.9999999999948909"
"File2_20615","File3_1095","0.9999998874648379"
"File2_20508","File3_1095","0.9999998874648379"
"File2_20612","File3_1095","0.9999998874648379"
"File2_16569","File3_0940","1.0"
"File2_14518","File3_0790","1.0"
"File2_9570","File3_0524","1.0"
"File2_11172","File3_0569","1.0"
"File2_10237","File3_0531","1.0"
"File2_4271","File3_0297","1.0"
"File2_7418","File3_0343","0.9999998874648379"
"File2_6753","File3_0335","0.9999999999999998"
"File2_17875","File3_0978","0.9999546021312976"
"File2_10001","File3_0608","1.0"
"File2_12123","File3_0713","0.9999998874648379"
"File2_14840","File3_0772","0.9975273768433652"
"File2_13919","File3_0732","1.0"
"File2_21056","File3_1150","1.0"
"File2_7953","File3_0479","1.0"
"File2_3768","File3_0283","1.0"
"File2_10029","File3_0604","1.0"
"File2_9686","File3_0490","1.0"
"File2_19662","File3_1052","1.0"
"File2_0625","File3_0082","0.9999546021312976"
"File2_7692","File3_0430","1.0"
"File2_17048","File3_0905","1.0"
"File2_11760","File3_0595","1.0"
"File2_18998","File3_1013","1.0"
"File2_4314","File3_0291","1.0"
"File2_18879","File3_1022","0.9999999999993086"
"File2_19934","File3_1062","0.9999998874648379"
"File2_1205","File3_0257","1.0"
"File2_14035","File3_0659","1.0"
"File2_20509","File3_1095","0.9999998874648379"
"File2_15688","File3_0860","1.0"
"File2_12105","File3_0635","1.0"
"File2_10759","File3_0575","1.0"
"File2_20613","File3_1095","0.9999998874648379"
"File2_12190","File3_0670","1.0"
"File2_9571","File3_0524","1.0"
"File2_19958","File3_1062","0.9999998874648379"
"File2_10226","File3_0543","1.0"
"File2_19589","File3_1083","0.9999998874648379"
"File2_10238","File3_0531","1.0"
"File2_12420","File3_0690","1.0"
"File2_22458","File3_1205","1.0"
"File2_7419","File3_0343","1.0"
"File2_19665","File3_1054","0.9999999997210532"
"File2_20373","File3_1073","1.0"
"File2_12124","File3_0713","0.9999998874648379"
"File2_23109","File3_1203","1.0"
"File2_23368","File3_1248","1.0"
"File2_13427","File3_0653","1.0"
"File2_0626","File3_0082","0.9999546021312976"
"File2_8356","File3_0445","1.0"
"File2_9687","File3_0490","1.0"
"File2_13187","File3_0695","1.0"
"File2_5369","File3_0374","0.9999546021312976"
"File2_18854","File3_1046","1.0"
"File2_12466","File3_0684","1.0"
"File2_15750","File3_0862","1.0"
"File2_17040","File3_0920","1.0"
"File2_18878","File3_1022","0.9999999999993086"
"File2_16121","File3_0848","0.9999546021312976"
"File2_19935","File3_1062","0.9999998874648379"
"File2_4315","File3_0291","0.9999999999993086"
"File2_11515","File3_0580","1.0"
"File2_20610","File3_1095","0.9999998874648379"
"File2_12874","File3_0643","0.9999999999993086"
"File2_9644","File3_0497","1.0"
"File2_15507","File3_0853","1.0"
"File2_19955","File3_1062","1.0"
"File2_23327","File3_1268","1.0"
"File2_19330","File3_1029","0.9999999999948909"
"File2_7694","File3_0430","1.0"
"File2_0570","File3_0074","1.0"
"File2_11309","File3_0520","1.0"
"File2_7416","File3_0343","1.0"
"File2_17229","File3_0931","0.9999546021312976"
"File2_17332","File3_0930","0.9999998874648379"
"File2_19662","File3_1054","1.0"
"File2_19989","File3_1092","1.0"
"File2_17040","File3_0923","1.0"
"File2_14958","File3_0801","1.0"
"File2_9592","File3_0524","0.9999546021312976"
"File2_18996","File3_1013","0.9999999979388464"
"File2_4312","File3_0291","1.0"
"File2_16055","File3_0861","0.9999546021312976"
"File2_16124","File3_0848","0.9999546021312976"
"File2_20611","File3_1095","0.9999998874648379"
"File2_6367","File3_0462","0.9999546021312976"
"File2_20507","File3_1095","1.0"
"File2_12440","File3_0684","0.9999546021312976"
"File2_15635","File3_0852","1.0"
"File2_1979","File3_0094","1.0"
"File2_20502","File3_1076","1.0"
"File2_17334","File3_0930","0.9999998874648379"
"File2_21204","File3_1158","1.0"
"File2_19665","File3_1052","1.0"
"File2_6750","File3_0335","1.0"
"File2_4274","File3_0297","1.0"
"File2_17874","File3_0978","0.9999546021312976"
"File2_22612","File3_1198","1.0"
"File2_0539","File3_0238","1.0"
"File2_13532","File3_0698","1.0"
"File2_21415","File3_1160","1.0"
"File2_12127","File3_0713","0.9999998874648379"
"File2_21727","File3_1131","1.0"
"File2_8354","File3_0445","1.0"
"File2_7658","File3_0434","0.9999546021312976"
"File2_7693","File3_0430","1.0"
"File2_17333","File3_0930","0.9999998874648379"
"File2_17228","File3_0931","0.9999546021312976"
"File2_20892","File3_1097","1.0"
"File2_9230","File3_0363","1.0"
"File2_18997","File3_1013","0.9999998874648379"
"File2_18297","File3_0984","0.9999999999999998"
"File2_19933","File3_1062","0.9999998874648379"
"File2_4313","File3_0291","1.0"
"File2_7985","File3_0478","1.0"
"File2_17591","File3_0959","0.9999999847700205"
"File2_4310","File3_0291","1.0"
"File2_17182","File3_0931","0.9999546021312976"
"File2_15442","File3_0851","0.9999998874648379"
"File2_22613","File3_1212","0.9999998874648379"
"File2_4844","File3_0303","1.0"
"File2_8643","File3_0353","0.9999546021312976"
"File2_17084","File3_0945","1.0"
"File2_4408","File3_0112","0.9999999979388464"
"File2_9459","File3_0495","0.9996646498695335"
"File2_7706","File3_0430","0.9999546021312976"
"File2_17586","File3_0962","1.0"
"File2_19379","File3_1030","1.0"
"File2_20570","File3_1095","0.9999999979388464"
"File2_0621","File3_0082","1.0"
"File2_12120","File3_0666","0.9999999999948909"
"File2_8394","File3_0450","1.0"
"File2_8777","File3_0444","0.9999999999622486"
"File2_17586","File3_0986","1.0"
"File2_21303","File3_1157","1.0"
"File2_13669","File3_0700","0.9999546021312976"
"File2_17430","File3_0989","1.0"
"File2_22124","File3_1177","1.0"
"File2_4578","File3_0110","0.9999999999993086"
"File2_20307","File3_1063","1.0"
"File2_23367","File3_1270","1.0"
"File2_19136","File3_1017","1.0"
"File2_10392","File3_0617","0.9996646498695335"
"File2_21778","File3_1174","1.0"
"File2_9937","File3_0541","1.0"
"File2_21722","File3_1167","0.9999546021312976"
"File2_17954","File3_0980","1.0"
"File2_15251","File3_0809","1.0"
"File2_19112","File3_1018","0.9999546021312976"
"File2_4311","File3_0291","0.9999999999948909"
"File2_21032","File3_1149","1.0"
"File2_15443","File3_0851","0.9999998874648379"
"File2_17181","File3_0931","0.9999546021312976"
"File2_9276","File3_0488","1.0"
"File2_8388","File3_0445","1.0"
"File2_1079","File3_0085","1.0"
"File2_12166","File3_0665","0.9999546021312976"
"File2_14002","File3_0733","1.0"
"File2_4319","File3_1502","1.0"
"File2_9442","File3_0529","1.0"
"File2_18595","File3_1032","0.9999998874648379"
"File2_8086","File3_0484","0.9975273768433652"
"File2_9458","File3_0495","0.9999999999999998"
"File2_20572","File3_1095","0.9999998874648379"
"File2_22300","File3_1207","1.0"
"File2_20571","File3_1095","0.9999998874648379"
"File2_13473","File3_0654","1.0"
"File2_21302","File3_1157","1.0"
"File2_13328","File3_0696","0.9999546021312976"
"File2_9665","File3_0599","1.0"
"File2_20598","File3_1076","0.9999999847700205"
"File2_4579","File3_0110","0.9999999999993086"
"File2_19136","File3_1018","0.9999546021312976"
"File2_21907","File3_1172","1.0"
"File2_23300","File3_1273","1.0"
"File2_17835","File3_0996","1.0"
"File2_10393","File3_0617","1.0"
"File2_15129","File3_0802","0.9999998874648379"
"File2_10394","File3_0508","0.9999546021312976"
"File2_9936","File3_0541","0.9999998874648379"
"File2_8364","File3_0445","1.0"
"File2_4029","File3_0100","1.0"
"File2_14505","File3_0796","1.0"
"File2_21909","File3_1170","1.0"
"File2_19880","File3_1068","1.0"
"File2_17180","File3_0931","0.9996646498695335"
"File2_21031","File3_1149","1.0"
"File2_18574","File3_1032","1.0"
"File2_4842","File3_0303","1.0"
"File2_9277","File3_0488","1.0"
"File2_17312","File3_0957","1.0"
"File2_3358","File3_0098","0.9996646498695335"
"File2_22639","File3_1216","1.0"
"File2_23182","File3_1269","0.9999546021312976"
"File2_16977","File3_0903","1.0"
"File2_17337","File3_0930","0.9999998874648379"
"File2_17084","File3_0947","1.0"
"File2_9991","File3_0608","0.9999999979388464"
"File2_19210","File3_1045","1.0"
"File2_2427","File3_0271","1.0"
"File2_16269","File3_0895","1.0"
"File2_4316","File3_1502","0.9999998874648379"
"File2_20796","File3_1104","1.0"
"File2_22122","File3_1177","1.0"
"File2_19855","File3_1094","1.0"
"File2_16575","File3_0936","1.0"
"File2_18200","File3_0999","1.0"
"File2_17387","File3_0929","1.0"
"File2_13667","File3_0700","0.9999546021312976"
"File2_17836","File3_0996","1.0"
"File2_4429","File3_0112","0.9999999979388464"
"File2_21835","File3_1128","1.0"
"File2_19377","File3_1030","0.9996646498695335"
"File2_15069","File3_0774","1.0"
"File2_8361","File3_0445","1.0"
"File2_20592","File3_1095","0.9999998874648379"
"File2_16120","File3_0848","0.9999546021312976"
"File2_21909","File3_1171","1.0"
"File2_23365","File3_1270","0.9999999999993086"
"File2_15690","File3_0860","1.0"
"File2_11514","File3_0580","0.9999999847700205"
"File2_9935","File3_0541","1.0"
"File2_21030","File3_1149","1.0"
"File2_18572","File3_1033","1.0"
"File2_11512","File3_0580","1.0"
"File2_19112","File3_1016","1.0"
"File2_22612","File3_1212","1.0"
"File2_15441","File3_0851","1.0"
"File2_4841","File3_0303","1.0"
"File2_3357","File3_0098","1.0"
"File2_14184","File3_0724","1.0"
"File2_16978","File3_0903","1.0"
"File2_17084","File3_0946","1.0"
"File2_19378","File3_1030","1.0"
"File2_14909","File3_0780","1.0"
"File2_19256","File3_1024","1.0"
"File2_22121","File3_1177","1.0"
"File2_9439","File3_0493","1.0"
"File2_22940","File3_1194","1.0"
"File2_9124","File3_0597","1.0"
"File2_8395","File3_0450","1.0"
"File2_0620","File3_0082","1.0"
"File2_17386","File3_0929","0.9999999999948909"
"File2_4577","File3_0110","0.9999999999993086"
"File2_20306","File3_1063","0.9999998874648379"
"File2_4428","File3_0112","0.9999999979388464"
"File2_22897","File3_1218","1.0"
"File2_16376","File3_0897","1.0"
"File2_10391","File3_0617","1.0"
"File2_10396","File3_0508","0.9999546021312976"
"File2_8362","File3_0445","1.0"
"File2_19136","File3_1016","0.9999546021312976"
"File2_23364","File3_1270","0.9999999999622486"
"File2_8383","File3_0445","1.0"
"File2_15743","File3_0815","1.0"
"File2_5338","File3_0372","1.0"
"File2_18074","File3_0993","1.0"
"File2_17186","File3_0931","0.9999546021312976"
"File2_9670","File3_0494","1.0"
"File2_16979","File3_0903","1.0"
"File2_4314","File3_1502","0.9999998874648379"
"File2_13497","File3_0721","1.0"
"File2_19821","File3_1086","1.0"
"File2_22348","File3_1204","1.0"
"File2_21903","File3_1171","1.0"
"File2_23057","File3_1225","1.0"
"File2_3333","File3_0277","1.0"
"File2_21904","File3_1170","1.0"
"File2_6596","File3_0414","0.9999998874648379"
"File2_17084","File3_0949","1.0"
"File2_0973","File3_0254","1.0"
"File2_9991","File3_0602","1.0"
"File2_16377","File3_0897","1.0"
"File2_10270","File3_0545","1.0"
"File2_20590","File3_1095","0.9999998874648379"
"File2_4448","File3_0112","1.0"
"File2_7422","File3_0343","1.0"
"File2_14649","File3_0761","1.0"
"File2_1458","File3_0090","1.0"
"File2_19638","File3_1053","1.0"
"File2_8285","File3_0348","0.9999999999948909"
"File2_18575","File3_1032","1.0"
"File2_15744","File3_0815","1.0"
"File2_15490","File3_0823","1.0"
"File2_12448","File3_0682","1.0"
"File2_18073","File3_0993","1.0"
"File2_14652","File3_0757","1.0"
"File2_16251","File3_0886","1.0"
"File2_12894","File3_0692","0.9999998874648379"
"File2_4315","File3_1502","0.9999998874648379"
"File2_19950","File3_1062","0.9999998874648379"
"File2_16321","File3_0883","0.9999546021312976"
"File2_19821","File3_1085","1.0"
"File2_23058","File3_1225","1.0"
"File2_8772","File3_0444","0.9999999999993086"
"File2_21902","File3_1171","1.0"
"File2_10808","File3_0621","1.0"
"File2_8397","File3_0450","1.0"
"File2_6597","File3_0414","1.0"
"File2_18554","File3_1033","1.0"
"File2_19376","File3_1030","1.0"
"File2_19860","File3_1068","1.0"
"File2_20724","File3_1096","0.9999999999999998"
"File2_8360","File3_0445","1.0"
"File2_20591","File3_1095","0.9999998874648379"
"File2_1459","File3_0090","0.9999999999948909"
"File2_13383","File3_0706","0.9996646498695335"
"File2_10686","File3_0568","1.0"
"File2_15671","File3_0860","1.0"
"File2_6221","File3_0461","1.0"
"File2_19649","File3_1087","1.0"
"File2_17084","File3_0927","1.0"
"File2_12449","File3_0684","0.9999546021312976"
"File2_12895","File3_0692","0.9999998874648379"
"File2_22453","File3_1205","1.0"
"File2_22920","File3_1240","1.0"
"File2_22346","File3_1204","1.0"
"File2_1009","File3_0247","1.0"
"File2_21706","File3_1169","1.0"
"File2_9121","File3_0597","1.0"
"File2_22345","File3_1204","1.0"
"File2_21902","File3_1170","0.9999999847700205"
"File2_21590","File3_1163","1.0"
"File2_16140","File3_0848","1.0"
"File2_23058","File3_1224","1.0"
"File2_1206","File3_0088","1.0"
"File2_7702","File3_0432","1.0"
"File2_19861","File3_1068","1.0"
"File2_4425","File3_0112","0.9999999979388464"
"File2_14904","File3_0780","1.0"
"File2_6520","File3_0337","1.0"
"File2_20723","File3_1096","0.9999999999622486"
"File2_6780","File3_0467","1.0"
"File2_9939","File3_0541","1.0"
"File2_6516","File3_0340","1.0"
"File2_10394","File3_0617","1.0"
"File2_10393","File3_0508","0.9999546021312976"
"File2_6782","File3_0465","1.0"
"File2_7420","File3_0343","1.0"
"File2_22641","File3_1199","1.0"
"File2_20618","File3_1095","0.9999998874648379"
"File2_5375","File3_0315","1.0"
"File2_11634","File3_0587","0.9999999999948909"
"File2_15670","File3_0860","1.0"
"File2_15743","File3_0816","0.9999546021312976"
"File2_12691","File3_0675","0.9999999999622486"
"File2_19648","File3_1087","0.9999999999948909"
"File2_13881","File3_0657","1.0"
"File2_12896","File3_0692","0.9999998874648379"
"File2_17084","File3_0926","1.0"
"File2_7344","File3_0425","0.9999999999948909"
"File2_11292","File3_0582","1.0"
"File2_4313","File3_1502","0.9999998874648379"
"File2_14928","File3_0780","0.9999546021312976"
"File2_22347","File3_1204","1.0"
"File2_21903","File3_1170","0.9999999979388464"
"File2_5775","File3_0327","1.0"
"File2_9120","File3_0597","1.0"
"File2_20700","File3_1098","1.0"
"File2_1207","File3_0088","1.0"
"File2_23057","File3_1224","1.0"
"File2_21904","File3_1171","1.0"
"File2_18552","File3_1033","1.0"
"File2_19512","File3_1026","1.0"
"File2_19862","File3_1068","1.0"
"File2_14600","File3_0787","0.9999998874648379"
"File2_20619","File3_1095","0.9999998874648379"
"File2_22640","File3_1199","1.0"
"File2_14631","File3_0792","1.0"
"File2_4424","File3_0112","0.9999999979388464"
"File2_14577","File3_0789","1.0"
"File2_15250","File3_0809","1.0"
"File2_9938","File3_0541","1.0"
"File2_10392","File3_0508","0.9999546021312976"
"File2_18577","File3_1032","1.0"
"File2_8770","File3_0444","1.0"
"File2_21717","File3_1133","1.0"
"File2_14646","File3_0761","0.9999999999622486"
"File2_5926","File3_0460","1.0"
"File2_13682","File3_0705","1.0"
"File2_20555","File3_1095","0.9999998874648379"
"File2_3548","File3_0279","1.0"
"File2_19843","File3_1088","1.0"
"File2_16040","File3_0838","0.9996646498695335"
"File2_0509","File3_0242","1.0"
"File2_6800","File3_0463","1.0"
"File2_16381","File3_0881","1.0"
"File2_20579","File3_1095","0.9999998874648379"
"File2_12055","File3_0667","1.0"
"File2_6211","File3_0408","1.0"
"File2_18766","File3_1037","1.0"
"File2_21385","File3_1153","1.0"
"File2_15963","File3_0831","1.0"
"File2_8406","File3_0354","1.0"
"File2_16332","File3_0899","1.0"
"File2_18163","File3_0969","0.9999546021312976"
"File2_18557","File3_1033","1.0"
"File2_16650","File3_0904","0.9999999999622486"
"File2_17166","File3_0931","0.9999546021312976"
"File2_14293","File3_0763","1.0"
"File2_4134","File3_0108","1.0"
"File2_7700","File3_0432","1.0"
"File2_13403","File3_0702","1.0"
"File2_18621","File3_1004","1.0"
"File2_4423","File3_0112","0.9999999979388464"
"File2_4000","File3_0106","1.0"
"File2_21187","File3_1123","1.0"
"File2_9546","File3_0527","0.9999546021312976"
"File2_20999","File3_1081","1.0"
"File2_4616","File3_0296","1.0"
"File2_9998","File3_0608","1.0"
"File2_6566","File3_0466","1.0"
"File2_9534","File3_0600","1.0"
"File2_15121","File3_0802","0.9999998874648379"
"File2_10011","File3_0499","1.0"
"File2_18300","File3_0984","1.0"
"File2_19844","File3_1088","1.0"
"File2_22457","File3_1186","1.0"
"File2_16382","File3_0881","1.0"
"File2_19151","File3_1018","1.0"
"File2_14363","File3_0764","1.0"
"File2_21384","File3_1153","1.0"
"File2_8693","File3_0485","1.0"
"File2_12898","File3_0692","0.9999998874648379"
"File2_8405","File3_0354","1.0"
"File2_16333","File3_0899","1.0"
"File2_21927","File3_1173","1.0"
"File2_17165","File3_0931","0.9999546021312976"
"File2_16528","File3_0893","0.9999999979388464"
"File2_4571","File3_0110","1.0"
"File2_13881","File3_0785","0.9999546021312976"
"File2_17322","File3_0928","1.0"
"File2_1417","File3_0311","1.0"
"File2_14903","File3_0780","1.0"
"File2_9219","File3_0360","1.0"
"File2_13404","File3_0702","1.0"
"File2_4422","File3_0112","0.9999999979388464"
"File2_18185","File3_0969","1.0"
"File2_13403","File3_0703","0.9999546021312976"
"File2_21425","File3_1124","1.0"
"File2_16718","File3_0944","1.0"
"File2_11144","File3_0519","1.0"
"File2_18579","File3_1032","1.0"
"File2_18620","File3_1004","0.9999998874648379"
"File2_4445","File3_0112","1.0"
"File2_9999","File3_0608","1.0"
"File2_6567","File3_0466","1.0"
"File2_20553","File3_1095","0.9999998874648379"
"File2_9535","File3_0600","1.0"
"File2_1005","File3_0247","1.0"
"File2_21037","File3_1147","1.0"
"File2_18301","File3_0984","1.0"
"File2_6686","File3_0413","1.0"
"File2_19845","File3_1088","0.9999999999993086"
"File2_13152","File3_0719","1.0"
"File2_1180","File3_1493","1.0"
"File2_6522","File3_0338","1.0"
"File2_14892","File3_0778","1.0"
"File2_21926","File3_1173","1.0"
"File2_15448","File3_0851","0.9999998874648379"
"File2_11068","File3_0571","1.0"
"File2_10352","File3_0616","1.0"
"File2_1043","File3_0250","1.0"
"File2_21667","File3_1175","0.9999546021312976"
"File2_16090","File3_0833","1.0"
"File2_18623","File3_1004","0.9999999999993086"
"File2_16801","File3_0908","1.0"
"File2_14947","File3_0780","1.0"
"File2_4421","File3_0112","0.9999999979388464"
"File2_18302","File3_0984","1.0"
"File2_8795","File3_0448","0.9999546021312976"
"File2_10107","File3_0605","1.0"
"File2_16065","File3_0858","1.0"
"File2_22240","File3_1183","1.0"
"File2_4446","File3_0112","1.0"
"File2_13151","File3_0719","1.0"
"File2_11740","File3_0637","1.0"
"File2_20554","File3_1095","0.9999998874648379"
"File2_3547","File3_0279","1.0"
"File2_6568","File3_0466","1.0"
"File2_9390","File3_0526","1.0"
"File2_4418","File3_0109","1.0"
"File2_21036","File3_1147","1.0"
"File2_1180","File3_1494","1.0"
"File2_6210","File3_0408","1.0"
"File2_15962","File3_0831","1.0"
"File2_10040","File3_0532","1.0"
"File2_18766","File3_1036","1.0"
"File2_21925","File3_1173","1.0"
"File2_6523","File3_0338","1.0"
"File2_1419","File3_0311","1.0"
"File2_19151","File3_1016","0.9999546021312976"
"File2_15143","File3_0802","0.9999999999622486"
"File2_14892","File3_0779","1.0"
"File2_18164","File3_0969","0.9999546021312976"
"File2_8192","File3_0480","1.0"
"File2_14294","File3_0763","1.0"
"File2_16528","File3_0891","1.0"
"File2_18187","File3_0969","0.9999546021312976"
"File2_5920","File3_0395","1.0"
"File2_4417","File3_0109","1.0"
"File2_11823","File3_0594","1.0"
"File2_21001","File3_1111","1.0"
"File2_6666","File3_0416","1.0"
"File2_4447","File3_0112","1.0"
"File2_15286","File3_0810","1.0"
"File2_16065","File3_0859","1.0"
"File2_22240","File3_1184","1.0"
"File2_4420","File3_0112","0.9999999979388464"
"File2_1571","File3_1496","1.0"
"File2_4854","File3_0113","1.0"
"File2_17901","File3_0978","0.9999546021312976"
"File2_20551","File3_1095","0.9999998874648379"
"File2_5622","File3_0323","1.0"
"File2_5278","File3_0369","1.0"
"File2_2602","File3_1370","1.0"
"File2_11066","File3_0571","1.0"
"File2_17084","File3_0909","1.0"
"File2_4574","File3_0110","1.0"
"File2_15953","File3_0845","1.0"
"File2_11534","File3_0627","1.0"
"File2_0815","File3_0083","1.0"
"File2_20598","File3_1095","1.0"
"File2_5128","File3_0456","0.9999999999948909"
"File2_10028","File3_0551","1.0"
"File2_16995","File3_0903","1.0"
"File2_4440","File3_0112","1.0"
"File2_15126","File3_0802","0.9999999999948909"
"File2_3165","File3_1371","1.0"
"File2_9999","File3_0602","0.9996646498695335"
"File2_15447","File3_0851","0.9999998874648379"
"File2_2258","File3_0272","1.0"
"File2_20552","File3_1095","0.9999998874648379"
"File2_22639","File3_1213","1.0"
"File2_23372","File3_1373","1.0"
"File2_21038","File3_1147","1.0"
"File2_18472","File3_1007","1.0"
"File2_8042","File3_0350","1.0"
"File2_19020","File3_1021","1.0"
"File2_18320","File3_0984","0.9999546021312976"
"File2_10319","File3_0564","1.0"
"File2_8409","File3_0354","1.0"
"File2_13553","File3_0701","1.0"
"File2_16972","File3_0903","0.9999546021312976"
"File2_11067","File3_0571","0.9999999847700205"
"File2_19046","File3_1038","1.0"
"File2_18344","File3_0984","0.9999546021312976"
"File2_12483","File3_0716","1.0"
"File2_10558","File3_0563","0.9999999847700205"
"File2_17169","File3_0931","0.9999546021312976"
"File2_20599","File3_1095","0.9999998874648379"
"File2_15805","File3_0867","1.0"
"File2_16714","File3_0944","1.0"
"File2_3607","File3_0280","1.0"
"File2_14946","File3_0780","0.9999546021312976"
"File2_23361","File3_1275","1.0"
"File2_4441","File3_0112","1.0"
"File2_18730","File3_1006","0.9999999999993086"
"File2_18624","File3_1004","0.9999999999993086"
"File2_9549","File3_0527","0.9999546021312976"
"File2_15125","File3_0802","1.0"
"File2_22612","File3_1215","1.0"
"File2_23373","File3_1373","1.0"
"File2_22792","File3_1192","1.0"
"File2_14243","File3_0755","1.0"
"File2_15421","File3_0850","0.9996646498695335"
"File2_11890","File3_0633","1.0"
"File2_19045","File3_1038","1.0"
"File2_13841","File3_0655","1.0"
"File2_16385","File3_0887","0.9999999999622486"
"File2_20471","File3_1100","1.0"
"File2_5352","File3_0376","1.0"
"File2_13426","File3_0703","1.0"
"File2_4572","File3_0110","1.0"
"File2_13474","File3_0654","1.0"
"File2_17168","File3_0931","0.9999546021312976"
"File2_18184","File3_0969","1.0"
"File2_4442","File3_0112","1.0"
"File2_3167","File3_1371","1.0"
"File2_15124","File3_0802","0.9999998874648379"
"File2_23374","File3_1373","1.0"
"File2_21034","File3_1149","1.0"
"File2_13683","File3_0705","1.0"
"File2_20550","File3_1095","0.9999998874648379"
"File2_7740","File3_0346","1.0"
"File2_22793","File3_1192","1.0"
"File2_15420","File3_0850","1.0"
"File2_8752","File3_0449","0.9999546021312976"
"File2_14242","File3_0755","1.0"
"File2_8407","File3_0354","0.9996646498695335"
"File2_17800","File3_0982","1.0"
"File2_11065","File3_0571","1.0"
"File2_21610","File3_1163","1.0"
"File2_18322","File3_0984","0.9999546021312976"
"File2_5352","File3_0377","1.0"
"File2_1396","File3_0312","1.0"
"File2_13473","File3_0652","1.0"
"File2_20470","File3_1100","1.0"
"File2_13426","File3_0702","0.9999546021312976"
"File2_17589","File3_0986","0.9999999847700205"
"File2_4573","File3_0110","1.0"
"File2_5127","File3_0456","1.0"
"File2_15830","File3_0871","1.0"
"File2_17589","File3_0962","0.9999999847700205"
"File2_4443","File3_0112","1.0"
"File2_7379","File3_0342","1.0"
"File2_19842","File3_1088","1.0"
"File2_10027","File3_0551","1.0"
"File2_22355","File3_1237","1.0"
"File2_2684","File3_0095","1.0"
"File2_18497","File3_1007","0.9999546021312976"
"File2_14944","File3_0780","1.0"
"File2_8798","File3_0448","1.0"
"File2_17953","File3_0980","1.0"
"File2_9998","File3_0602","0.9999999979388464"
"File2_19949","File3_1062","0.9999998874648379"
"File2_22794","File3_1192","1.0"
"File2_22330","File3_1188","1.0"
"File2_21395","File3_1127","1.0"
"File2_1176","File3_0089","1.0"
"File2_12269","File3_0673","1.0"
"File2_20516","File3_1095","0.9999998874648379"
"File2_21279","File3_1115","1.0"
"File2_6832","File3_0420","0.9999546021312976"
"File2_20620","File3_1095","0.9999998874648379"
"File2_21807","File3_1130","1.0"
"File2_21871","File3_1129","1.0"
"File2_16714","File3_0953","1.0"
"File2_20539","File3_1095","0.9999998874648379"
"File2_21150","File3_1152","0.9999999999622486"
"File2_11820","File3_0596","1.0"
"File2_3551","File3_0279","1.0"
"File2_19662","File3_1084","1.0"
"File2_21340","File3_1119","1.0"
"File2_1025","File3_0086","1.0"
"File2_19859","File3_1068","1.0"
"File2_9222","File3_0360","1.0"
"File2_4259","File3_0111","1.0"
"File2_3924","File3_0284","1.0"
"File2_17231","File3_0931","0.9999546021312976"
"File2_5350","File3_0372","0.9999546021312976"
"File2_15641","File3_0852","0.9999999979388464"
"File2_3415","File3_1543","1.0"
"File2_18308","File3_0984","1.0"
"File2_16248","File3_0937","0.9999999847700205"
"File2_0137","File3_0237","1.0"
"File2_19167","File3_1042","1.0"
"File2_22795","File3_1192","0.9999998874648379"
"File2_1209","File3_1368","1.0"
"File2_20699","File3_1080","1.0"
"File2_1175","File3_0089","0.9999999999622486"
"File2_20517","File3_1095","0.9999999999948909"
"File2_16223","File3_0939","1.0"
"File2_23225","File3_1223","1.0"
"File2_21804","File3_1174","0.9999546021312976"
"File2_20621","File3_1095","0.9999998874648379"
"File2_23380","File3_1373","0.9999999999999983"
"File2_2352","File3_1369","1.0"
"File2_19095","File3_1039","1.0"
"File2_12247","File3_0673","0.9999546021312976"
"File2_5007","File3_0368","1.0"
"File2_19455","File3_1048","1.0"
"File2_14861","File3_0768","1.0"
"File2_0725","File3_0080","0.9999999847700205"
"File2_3771","File3_0286","1.0"
"File2_19947","File3_1062","0.9999998874648379"
"File2_4780","File3_0302","1.0"
"File2_18418","File3_1003","1.0"
"File2_22796","File3_1192","1.0"
"File2_1545","File3_0262","1.0"
"File2_6830","File3_0420","0.9999546021312976"
"File2_23226","File3_1223","1.0"
"File2_21805","File3_1130","1.0"
"File2_20514","File3_1095","0.9999998874648379"
"File2_4286","File3_0292","1.0"
"File2_5008","File3_0368","1.0"
"File2_16575","File3_0894","1.0"
"File2_10242","File3_0531","1.0"
"File2_11295","File3_0520","0.9999546021312976"
"File2_20537","File3_1095","0.9999998874648379"
"File2_14520","File3_0790","1.0"
"File2_5820","File3_0326","0.9999546021312976"
"File2_19205","File3_1019","1.0"
"File2_10872","File3_0625","1.0"
"File2_14034","File3_0660","1.0"
"File2_19948","File3_1062","0.9999998874648379"
"File2_1546","File3_0262","0.9999999999948909"
"File2_22797","File3_1192","1.0"
"File2_22983","File3_1243","1.0"
"File2_5025","File3_0367","1.0"
"File2_16358","File3_0878","1.0"
"File2_1177","File3_0089","0.9999999999622486"
"File2_21279","File3_1114","1.0"
"File2_13899","File3_0729","1.0"
"File2_20515","File3_1095","0.9999998874648379"
"File2_19665","File3_1084","1.0"
"File2_13953","File3_0658","1.0"
"File2_0495","File3_1486","1.0"
"File2_16782","File3_0916","1.0"
"File2_9950","File3_0501","1.0"
"File2_5253","File3_1372","1.0"
"File2_23350","File3_1268","0.9999938558253978"
"File2_5546","File3_0388","1.0"
"File2_4284","File3_0292","1.0"
"File2_20538","File3_1095","0.9999998874648379"
"File2_15841","File3_0818","1.0"
"File2_3925","File3_0284","1.0"
"File2_11821","File3_0596","1.0"
"File2_14521","File3_0790","0.9999999979388464"
"File2_21220","File3_1126","1.0"
"File2_17778","File3_0970","1.0"
"File2_10454","File3_0615","0.9999999999948909"
"File2_19632","File3_1050","0.9999546021312976"
"File2_5371","File3_0374","0.9999546021312976"
"File2_22798","File3_1192","1.0"
"File2_16462","File3_0877","0.9999546021312976"
"File2_14574","File3_0799","1.0"
"File2_10502","File3_0555","0.9999999999999998"
"File2_18883","File3_1022","0.9999546021312976"
"File2_5395","File3_0374","0.9999546021312976"
"File2_10893","File3_0622","1.0"
"File2_20512","File3_1095","0.9999998874648379"
"File2_1567","File3_1496","0.9999999999999998"
"File2_6789","File3_0336","1.0"
"File2_15598","File3_0822","1.0"
"File2_17659","File3_0966","1.0"
"File2_7535","File3_0436","1.0"
"File2_1931","File3_0265","1.0"
"File2_15973","File3_0837","1.0"
"File2_9834","File3_0534","1.0"
"File2_16498","File3_0888","0.9999998874648379"
"File2_22609","File3_1198","1.0"
"File2_19329","File3_1029","1.0"
"File2_15959","File3_0863","0.9999998874648379"
"File2_1179","File3_1493","1.0"
"File2_19052","File3_1015","0.9999546021312976"
"File2_14522","File3_0790","1.0"
"File2_1007","File3_1492","1.0"
"File2_16718","File3_0953","1.0"
"File2_10870","File3_0625","0.9999999999622486"
"File2_12418","File3_0690","1.0"
"File2_1544","File3_0262","1.0"
"File2_9998","File3_0546","1.0"
"File2_18328","File3_0984","0.9999546021312976"
"File2_2742","File3_1499","1.0"
"File2_21502","File3_1125","1.0"
"File2_1566","File3_1496","0.9999999999999998"
"File2_19016","File3_1021","1.0"
"File2_18882","File3_1022","0.9999999999999998"
"File2_3557","File3_0279","1.0"
"File2_5894","File3_0394","1.0"
"File2_20513","File3_1095","0.9999998874648379"
"File2_9567","File3_0524","1.0"
"File2_9564","File3_0527","0.9999998874648379"
"File2_13532","File3_0648","1.0"
"File2_16550","File3_0892","1.0"
"File2_18164","File3_0979","1.0"
"File2_21155","File3_1152","1.0"
"File2_5827","File3_0326","1.0"
"File2_16142","File3_0873","1.0"
"File2_7941","File3_0438","1.0"
"File2_15974","File3_0837","1.0"
"File2_7534","File3_0436","1.0"
"File2_22963","File3_1221","1.0"
"File2_14523","File3_0790","1.0"
"File2_5675","File3_0389","1.0"
"File2_17309","File3_0957","1.0"
"File2_10211","File3_0548","1.0"
"File2_1179","File3_1494","1.0"
"File2_16498","File3_0889","1.0"
"File2_22799","File3_1192","0.9999998874648379"
"File2_20700","File3_1102","1.0"
"File2_13395","File3_0651","1.0"
"File2_9999","File3_0546","1.0"
"File2_21393","File3_1127","1.0"
"File2_6747","File3_0335","1.0"
"File2_20168","File3_1071","1.0"
"File2_14576","File3_0799","0.9999999999993086"
"File2_20493","File3_1076","1.0"
"File2_23331","File3_1268","0.9999998874648379"
"File2_21156","File3_1152","1.0"
"File2_5824","File3_0326","0.9999999999999998"
"File2_10009","File3_0553","1.0"
"File2_5644","File3_0387","1.0"
"File2_1028","File3_1492","1.0"
"File2_17589","File3_0959","0.9999999847700205"
"File2_20510","File3_1095","0.9999998874648379"
"File2_18163","File3_0979","0.9999999999948909"
"File2_15140","File3_0802","1.0"
"File2_9216","File3_0364","1.0"
"File2_1933","File3_0265","1.0"
"File2_4281","File3_0292","1.0"
"File2_15169","File3_0742","1.0"
"File2_4308","File3_0291","1.0"
"File2_15975","File3_0837","1.0"
"File2_10519","File3_0560","1.0"
"File2_16284","File3_0884","1.0"
"File2_22461","File3_1186","1.0"
"File2_7663","File3_0434","1.0"
"File2_17233","File3_0931","0.9999546021312976"
"File2_16499","File3_0889","1.0"
"File2_6746","File3_0335","1.0"
"File2_23330","File3_1268","0.9999999999948909"
"File2_7133","File3_0422","0.9999999999948909"
"File2_22199","File3_1210","1.0"
"File2_23397","File3_1248","0.9999546021312976"
"File2_21157","File3_1152","1.0"
"File2_15305","File3_0749","1.0"
"File2_5643","File3_0387","1.0"
"File2_20511","File3_1095","0.9999998874648379"
"File2_5589","File3_0324","1.0"
"File2_16570","File3_0940","1.0"
"File2_7667","File3_0345","1.0"
"File2_21524","File3_1125","0.9999991684719723"
"File2_4309","File3_0291","0.9999999999948909"
"File2_19929","File3_1062","1.0"
"File2_17658","File3_0966","1.0"
"File2_15168","File3_0742","1.0"
"File2_22940","File3_1220","1.0"
"File2_16270","File3_0895","1.0"
"File2_4135","File3_0108","0.9999999999993086"
"File2_1932","File3_0265","1.0"
"File2_8166","File3_0351","1.0"
"File2_0086","File3_0073","1.0"
"File2_17232","File3_0931","0.9999546021312976"
"File2_19326","File3_1029","1.0"
"File2_15958","File3_0863","1.0"
"File2_12419","File3_0690","0.9999999999622486"
"File2_12338","File3_0678","1.0"
"File2_16499","File3_0888","0.9999546021312976"
"File2_17281","File3_0933","1.0"
"File2_10518","File3_0560","1.0"
"File2_15251","File3_0783","0.9999999999999983"
"File2_17590","File3_0986","0.9999999979388464"
"File2_5614","File3_0390","1.0"
"File2_16007","File3_0828","1.0"
"File2_12131","File3_0713","0.9999998874648379"
"File2_4638","File3_0301","1.0"
"File2_20930","File3_1110","1.0"
"File2_23333","File3_1268","0.9999998874648379"
"File2_17019","File3_0907","1.0"
"File2_5334","File3_0372","1.0"
"File2_6908","File3_0341","1.0"
"File2_5767","File3_0392","1.0"
"File2_11618","File3_0628","1.0"
"File2_19965","File3_1062","0.9999998874648379"
"File2_4166","File3_0282","0.9999546021312976"
"File2_17239","File3_0931","0.9999546021312976"
"File2_12414","File3_0690","1.0"
"File2_21833","File3_1168","1.0"
"File2_4054","File3_0281","1.0"
"File2_4322","File3_1502","1.0"
"File2_5052","File3_0375","1.0"
"File2_23306","File3_1272","1.0"
"File2_6853","File3_0339","1.0"
"File2_14868","File3_0768","1.0"
"File2_14526","File3_0790","1.0"
"File2_7665","File3_0434","1.0"
"File2_16006","File3_0828","0.9999998874648379"
"File2_5615","File3_0390","1.0"
"File2_20495","File3_1095","1.0"
"File2_7182","File3_0470","1.0"
"File2_9460","File3_0601","1.0"
"File2_21987","File3_1166","1.0"
"File2_19942","File3_1062","0.9999998874648379"
"File2_1781","File3_0261","1.0"
"File2_23332","File3_1268","0.9999998874648379"
"File2_16035","File3_0830","1.0"
"File2_17586","File3_0959","1.0"
"File2_12132","File3_0713","0.9999998874648379"
"File2_10439","File3_0618","1.0"
"File2_9952","File3_0541","0.9999999999622486"
"File2_19966","File3_1062","0.9999998874648379"
"File2_12235","File3_0669","0.9999999847700205"
"File2_5175","File3_0457","1.0"
"File2_5359","File3_0372","0.9999546021312976"
"File2_12413","File3_0690","1.0"
"File2_4323","File3_1502","1.0"
"File2_21729","File3_1167","0.9999546021312976"
"File2_21834","File3_1168","1.0"
"File2_5737","File3_0384","1.0"
"File2_23306","File3_1271","1.0"
"File2_13948","File3_0711","1.0"
"File2_8628","File3_0353","1.0"
"File2_10011","File3_0603","1.0"
"File2_21499","File3_1151","1.0"
"File2_17591","File3_0962","0.9999999847700205"
"File2_16137","File3_0848","1.0"
"File2_21092","File3_1146","1.0"
"File2_15272","File3_0784","1.0"
"File2_14527","File3_0790","0.9999999999999983"
"File2_17591","File3_0986","1.0"
"File2_20626","File3_1095","0.9999998874648379"
"File2_21706","File3_1165","1.0"
"File2_16138","File3_0846","1.0"
"File2_18885","File3_1022","0.9999546021312976"
"File2_15744","File3_0864","1.0"
"File2_17214","File3_0931","0.9999999847700205"
"File2_12232","File3_0669","1.0"
"File2_3779","File3_0286","0.9999998874648379"
"File2_21320","File3_1113","1.0"
"File2_17981","File3_0961","1.0"
"File2_0975","File3_0254","1.0"
"File2_17084","File3_0951","1.0"
"File2_19231","File3_1040","1.0"
"File2_15675","File3_0860","0.9996646498695335"
"File2_13892","File3_0729","1.0"
"File2_19963","File3_1062","0.9999998874648379"
"File2_12416","File3_0690","1.0"
"File2_20977","File3_1112","1.0"
"File2_15035","File3_0807","1.0"
"File2_5082","File3_0380","1.0"
"File2_23307","File3_1271","1.0"
"File2_4320","File3_1502","1.0"
"File2_21422","File3_1120","1.0"
"File2_8629","File3_0353","0.9999999999993086"
"File2_20602","File3_1095","0.9999998874648379"
"File2_6374","File3_0462","1.0"
"File2_14528","File3_0790","1.0"
"File2_7424","File3_0343","1.0"
"File2_17237","File3_0931","0.9999546021312976"
"File2_15271","File3_0784","1.0"
"File2_23334","File3_1268","0.9999998874648379"
"File2_23075","File3_1201","1.0"
"File2_11706","File3_0521","1.0"
"File2_16008","File3_0828","0.9999999979388464"
"File2_17882","File3_0978","0.9999546021312976"
"File2_20493","File3_1095","1.0"
"File2_5337","File3_0372","1.0"
"File2_22863","File3_1193","1.0"
"File2_18884","File3_1022","0.9999546021312976"
"File2_19632","File3_1051","1.0"
"File2_15743","File3_0864","1.0"
"File2_12233","File3_0669","1.0"
"File2_22947","File3_1222","1.0"
"File2_3778","File3_0286","0.9999998874648379"
"File2_1607","File3_0258","1.0"
"File2_0976","File3_0254","1.0"
"File2_2597","File3_0273","1.0"
"File2_9261","File3_0363","0.9999999999999064"
"File2_19599","File3_1083","1.0"
"File2_15674","File3_0860","1.0"
"File2_10008","File3_0535","1.0"
"File2_22881","File3_1242","0.9996646498695335"
"File2_7425","File3_0343","1.0"
"File2_20426","File3_1101","1.0"
"File2_4057","File3_0281","1.0"
"File2_22609","File3_1195","1.0"
"File2_17212","File3_0931","1.0"
"File2_4321","File3_1502","1.0"
"File2_9833","File3_0534","1.0"
"File2_23307","File3_1272","1.0"
"File2_19633","File3_1051","1.0"
"File2_20603","File3_1095","0.9999998874648379"
"File2_5083","File3_0380","1.0"
"File2_22644","File3_1199","1.0"
"File2_17236","File3_0931","0.9999546021312976"
"File2_5732","File3_0383","1.0"
"File2_23072","File3_1225","1.0"
"File2_16136","File3_0846","1.0"
"File2_23337","File3_1268","1.0"
"File2_2425","File3_0271","1.0"
"File2_21399","File3_1127","0.9996646498695335"
"File2_19390","File3_1030","1.0"
"File2_3777","File3_0286","0.9999998874648379"
"File2_18592","File3_1032","0.9999999997210532"
"File2_22828","File3_1214","1.0"
"File2_1732","File3_0259","1.0"
"File2_21702","File3_1167","1.0"
"File2_19978","File3_1093","1.0"
"File2_7680","File3_0430","0.9999546021312976"
"File2_12410","File3_0690","1.0"
"File2_19257","File3_1024","1.0"
"File2_19672","File3_1050","0.9999999999948909"
"File2_22300","File3_1190","1.0"
"File2_21570","File3_1141","1.0"
"File2_19207","File3_1019","1.0"
"File2_21596","File3_1163","0.9999999847700205"
"File2_5732","File3_0384","1.0"
"File2_14691","File3_0744","1.0"
"File2_23356","File3_1247","1.0"
"File2_9869","File3_0549","1.0"
"File2_1785","File3_0261","1.0"
"File2_16110","File3_0848","0.9999546021312976"
"File2_23336","File3_1268","0.9999998874648379"
"File2_20625","File3_1095","0.9999998874648379"
"File2_14554","File3_0800","1.0"
"File2_16661","File3_0941","1.0"
"File2_2426","File3_0271","1.0"
"File2_3776","File3_0286","0.9999998874648379"
"File2_2285","File3_0268","1.0"
"File2_17219","File3_0931","0.9999999999999998"
"File2_12546","File3_0717","1.0"
"File2_10439","File3_0504","1.0"
"File2_17084","File3_0952","1.0"
"File2_16669","File3_0948","1.0"
"File2_17751","File3_0995","1.0"
"File2_19258","File3_1024","1.0"
"File2_16447","File3_0877","1.0"
"File2_20232","File3_1074","1.0"
"File2_5355","File3_0372","0.9999546021312976"
"File2_4051","File3_0281","0.9999998874648379"
"File2_9583","File3_0524","0.9999546021312976"
"File2_14692","File3_0744","1.0"
"File2_16245","File3_0937","1.0"
"File2_16649","File3_0904","1.0"
"File2_14323","File3_0762","1.0"
"File2_20622","File3_1095","0.9999998874648379"
"File2_19943","File3_1062","0.9999998874648379"
"File2_4144","File3_0282","1.0"
"File2_17310","File3_0967","1.0"
"File2_20518","File3_1095","0.9999998874648379"
"File2_17084","File3_0955","1.0"
"File2_0840","File3_0251","1.0"
"File2_5525","File3_0458","1.0"
"File2_9991","File3_0546","0.9999999979388464"
"File2_14555","File3_0800","1.0"
"File2_14847","File3_0768","1.0"
"File2_1549","File3_0262","0.9996646498695335"
"File2_12412","File3_0690","1.0"
"File2_17750","File3_0995","1.0"
"File2_21302","File3_1156","1.0"
"File2_0611","File3_0082","0.9999546021312976"
"File2_22126","File3_1177","1.0"
"File2_10497","File3_0560","0.9999546021312976"
"File2_15743","File3_0869","1.0"
"File2_16448","File3_0877","0.9999999999993086"
"File2_15275","File3_0784","1.0"
"File2_5737","File3_0383","1.0"
"File2_1850","File3_0267","1.0"
"File2_16648","File3_0904","1.0"
"File2_2696","File3_1542","1.0"
"File2_15250","File3_0783","0.9999999999999983"
"File2_21708","File3_1164","0.9999546021312976"
"File2_4143","File3_0282","1.0"
"File2_20623","File3_1095","0.9999998874648379"
"File2_8800","File3_0448","1.0"
"File2_20519","File3_1095","0.9999998874648379"
"File2_17327","File3_0957","1.0"
"File2_17886","File3_0978","0.9999999847700205"
"File2_22947","File3_1202","1.0"
"File2_15678","File3_0860","1.0"
"File2_17037","File3_0906","1.0"
"File2_11619","File3_0628","1.0"
"File2_14848","File3_0768","1.0"
"File2_21376","File3_1127","0.9999546021312976"
"File2_12548","File3_0717","1.0"
"File2_7429","File3_0343","1.0"
"File2_12243","File3_0636","0.9975273768433652"
"File2_7681","File3_0430","0.9999546021312976"
"File2_21303","File3_1156","1.0"
"File2_6005","File3_0398","1.0"
"File2_3750","File3_0286","1.0"
"File2_12411","File3_0690","1.0"
"File2_22125","File3_1177","1.0"
"File2_0922","File3_0245","0.9999999999948909"
"File2_14048","File3_0725","1.0"
"File2_15744","File3_0869","1.0"
"File2_16449","File3_0877","1.0"
